line_no,page_no,OTC DOC. NO:,OTC REV.,SHEET,file_name
"35-4""-DM-AC21-9013",1,SC26-2A-GOE-FHD-MR-PID-125001,R02,1 of 1,SC26-2A-GOE-FHD-MR-PID-125001_R02.pdf
"13-1/2""-GF-G15-7501",1,SC26-2A-GOE-FHD-MR-PID-125001,R02,1 of 1,SC26-2A-GOE-FHD-MR-PID-125001_R02.pdf
"13-1/2""-GF-G15-7502",,,,,
"13-1/2""-GF-G15-7697",,,,,
"13-1/2""-GF-G15-7698",,,,,
"23-6""-GF-G2-7036-HC",,,,,
"23-6""-GF-G2-7316-HC",,,,,
"23-6""-GF-G2-7575-HC",,,,,
"23-6""-GF-G2-7604-HC",,,,,
"33-1""-WPS-AD20-7300",,,,,
"33-1""-WPS-AD20-7302",,,,,
"33-1/2""-WPS-J6-7804-HT",,,,,
"33-1/2""-WPS-J6-7334-HT",,,,,
"33-1/2""-WPS-J6-7335",,,,,
"33-1/2""-WPS-J6-7805-HT",,,,,
"33-10""-WPS-AD20-7598-FP",,,,,
"33-2""-WPS-G15-7313",,,,,
"33-2""-WPS-G2-7311",,,,,
"33-2""-WPS-G2-7314",,,,,
"33-2""-WPS-G2-7547",,,,,
"33-3""-WPS-AD20-7336-FP",,,,,
"33-3""-WPS-AD20-7346-FP",,,,,
"33-3""-WPS-AD20-7556-FP",,,,,
"33-3""-WPS-AD20-7562-FP",,,,,
"33-4""-WPS-AD20-7337-FP",,,,,
"33-4""-WPS-G2-7315",,,,,
"33-6""-WPS-AD20-7301",,,,,
"33-6""-WPS-AD20-7303",,,,,
"33-6""-WPS-AD20-7340-FP",,,,,
"35-1""-GLY-AD20-7204",,,,,
"35-1""-GLY-AD20-7214",,,,,
"35-1""-GLY-G15-7004",,,,,
"35-1""-GLY-G15-7014",,,,,
"35-1""-GLY-G15-7104",,,,,
"35-1""-GLY-G15-7114",,,,,
"35-1/2""-CI-J1-7005",,,,,
"35-1/2""-CI-J1-7006",,,,,
"35-10""-GLY-AD20-7230",,,,,
"35-10""-GLY-AD20-7231",,,,,
"35-10""-GLY-AD20-7541",,,,,
"35-10""-GLY-AD20-7545",,,,,
"35-10""-GLY-AD20-7569",,,,,
"35-10""-GLY-AD20-7754",,,,,
"35-2""-DM-AD20-9015",,,,,
"35-2""-DM-AD20-9016",,,,,
"35-2""-DM-AD20-9017",,,,,
"35-2""-DM-AD20-9029",,,,,
"35-2""-FW-AD20-9046-HT",,,,,
"35-2""-GLY-AD20-7200",,,,,
"35-2""-GLY-AD20-7281",,,,,
"35-2""-GLY-AD20-7384",,,,,
"35-2""-GLY-AD20-7753",,,,,
"35-2""-GLY-G15-7083",,,,,
"35-2""-GLY-G15-7183",,,,,
"35-2""-GLY-G15-7393",,,,,
"35-2""-GLY-G15-7394",,,,,
"35-2""-GLY-G15-7563",,,,,
"35-2""-GLY-G15-7564",,,,,
"35-2""-NG-AD20-9039",,,,,
"35-3""-CI-G15-7200-HC",,,,,
"35-3""-DM-AD20-7029",,,,,
"35-3""-DM-AD20-7030",,,,,
"35-3""-DM-AD20-9014-PP",,,,,
"35-3""-DM-AD20-9015",,,,,
"35-4""-CI-G15-7331-HC",,,,,
"35-4""-DM-AC21-7705",,,,,
"35-4""-DM-AC21-9024",,,,,
"35-4""-DM-AD20-9019",,,,,
"35-4""-GLY-AD20-7200",,,,,
"35-4""-GLY-AD20-7207",,,,,
"35-4""-GLY-AD20-7210",,,,,
"35-4""-GLY-AD20-7282",,,,,
"35-4""-GLY-G15-7000",,,,,
"35-4""-GLY-G15-7005",,,,,
"35-4""-GLY-G15-7010",,,,,
"35-4""-GLY-G15-7056",,,,,
"35-4""-GLY-G15-7057",,,,,
"35-4""-GLY-G15-7061",,,,,
"35-4""-GLY-G15-7082",,,,,
"35-4""-GLY-G15-7100",,,,,
"35-4""-GLY-G15-7110",,,,,
"35-4""-GLY-G15-7162",,,,,
"35-4""-GLY-G15-7163",,,,,
"35-4""-GLY-G15-7182",,,,,
"35-4""-GLY-G15-7209",,,,,
"35-4""-VA-AC21-9006",,,,,
"35-4""-VA-AC21-9007",,,,,
"35-6""-GLY-G15-7050",,,,,
"35-6""-GLY-G15-7150",,,,,
"35-6""-GLY-G15-7537",,,,,
"35-6""-WPS-AD20-7303",,,,,
"44-1""-BS-G1-7004",,,,,
"44-1""-BS-G1-7005",,,,,
"44-1""-BS-G1-7104",,,,,
"44-1""-BS-G1-7105",,,,,
"44-1/2""-BS-J6-7559-HT",,,,,
"44-2""-BS-G14-7858",,,,,
"44-2""-BS-G15-7385",,,,,
"44-2""-BS-G15-7386",,,,,
"44-2""-BS-G1-7006",,,,,
"44-2""-BS-G1-7103",,,,,
"44-2""-BS-G1-7106",,,,,
"44-2""-BS-G1-7595-HT ,44-1/2""-BS-G1-7595-HT",,,,,
"44-2""-BS-G2-7021",,,,,
"44-2""-BS-G2-7025",,,,,
"44-2""-BS-G2-7121",,,,,
"44-2""-BS-G2-7388",,,,,
"44-2""-BS-G2-7389",,,,,
"44-2""-BS-G2-7391",,,,,
"44-2""-BS-G2-7392",,,,,
"44-2""-VA-G1-7101",,,,,
"44-2""-VA-G1-7102",,,,,
"44-20""-CD-G4-5501",,,,,
"44‑20""‑CD‑G4‑7588",,,,,
"44-3""-BS-G1-1009",,,,,
"44-3""-BS-G1-7000",,,,,
"44-3""-BS-G1-7001",,,,,
"44-3""-BS-G1-7002",,,,,
"44-3""-BS-G1-7007",,,,,
"44-3""-BS-G1-7100",,,,,
"44-3""-BS-G1-7101-HT",,,,,
"44-3""-BS-G1-7102",,,,,
"44-3""-BS-G1-7103,44-4""-BS-G1-7103",,,,,
"44-3""-BS-G1-7104",,,,,
"44-3""-BS-G1-7105",,,,,
"44-3""-BS-G1-7107",,,,,
"44-3""-BS-G1-7108",,,,,
"44-3""-BS-G1-7109",,,,,
"44-3""-BS-G1-7110",,,,,
"44-3""-BS-G1-7111",,,,,
"44-3""-BS-G1-7112",,,,,
"44-3""-BS-G1-7113",,,,,
"44-3""-BS-G1-7172",,,,,
"44-3""-BS-G1-7201",,,,,
"44-3""-BS-G1-7396",,,,,
"44-3""-BS-G1-7561",,,,,
"44-3""-BS-G1-7590",,,,,
"44‑3""‑BS‑G1‑7591",,,,,
"44-3""-BS-G1-7700",,,,,
"44-3""-BS-G1-7701",,,,,
"44-3""-BS-G1-7868",,,,,
"44-4""-BS-G1-7003",,,,,
"44-4""-BS-G1-7026",,,,,
"44-4""-BS-G1-7126",,,,,
"44-4""-BS-G1-7303",,,,,
"44-4""-BS-G1-7892",,,,,
"44-4""-BS-G1-7951",,,,,
"44-4""-BS-G2-7125",,,,,
"44-4""-BS-G4-7857",,,,,
"44-4""-BS-G4-7867",,,,,
"51-14""-WS-G3-7401",,,,,
"51-14""-WS-G3-7512",,,,,
"51-14""-WS-G3-7513",,,,,
"51-14""-WS-G3-7514",,,,,
"51-14""-WS-G3-7515",,,,,
"51‑4""‑BS‑G4‑7856",,,,,
"51-4""-WS-G4-7866",,,,,
"51-6""-WS-G4-1087",,,,,
"52-10""-BS-G1B-7001",,,,,
"52-10""-BS-G1B-7002",,,,,
"52-10""-BS-G1B-7009",,,,,
"52-10""-BS-G1B-7011",,,,,
"52-10""-BS-G1B-7016",,,,,
"52-26""-WB-G4-1016",,,,,
"52-10""-WB-G1B-7013",,,,,
"52-10""-WB-G1B-7257",,,,,
"52-10""-WB-G1B-7258",,,,,
"52-10""-WB-G1B-7259",,,,,
"52-10""-WB-G1B-7260",,,,,
"52-10""-WB-G1B-7261",,,,,
"52-10""-WB-G1B-7262",,,,,
"52-10""-WB-G1B-7320",,,,,
"52-10""-WB-G4-1003-FP",,,,,
"52-10""-WB-G4-1004-FP",,,,,
"52-10""-WB-G4-1015-FP",,,,,
"52-12""-WB-G1B-7311",,,,,
"52-12""-WB-G1B-7321",,,,,
"52-12""-WB-G1B-7330",,,,,
"52-12""-WB-G1B-7340",,,,,
"52-12""-WB-G1B-7350",,,,,
"52-12""-WB-G1B-7360",,,,,
"52-14""-WB-G1B-7331",,,,,
"52-14""-WB-G1B-7341",,,,,
"52-14""-WB-G1B-7351",,,,,
"52-14""-WB-G1B-7361",,,,,
"52-14""-WB-G2-5517",,,,,
"52-14""-WB-G4-5506",,,,,
"52-14""-WB-G4-5508",,,,,
"52-14""-WB-G4-5510",,,,,
"52-14""-WB-G4-5513",,,,,
"52-14""-WB-G4-5515",,,,,
"52-16""-WB-G4-5502",,,,,
"52-16""-WB-G4-5504",,,,,
"52-16""-WB-G4-5505",,,,,
"52-16""-WB-G4-5507",,,,,
"52-2""-WB-G1-1553",,,,,
"52-2""-WB-G1-1554",,,,,
"52-2""-WB-G1-7551",,,,,
"52-2""-WB-G1-7561",,,,,
"52-24""-WB-G2-5516",,,,,
"52-24""-WB-G4-5501",,,,,
"52-24""-WB-G4-5503",,,,,
"52-24""-WB-G4-5512",,,,,
"52-26""-WB-G4-5514",,,,,
"52-3""-WB-G1-7511",,,,,
"52-3""-WB-G1-7513",,,,,
"52-3""-WB-G1-7515",,,,,
"52-3""-WB-G1-7521",,,,,
"52-3""-WB-G1-7523",,,,,
"52-3""-WB-G1-7525",,,,,
"52-6""-BS-G1B-7012",,,,,
"53-1 1/2""-WFR-G2-7241-HT",,,,,
"53-1""-WFR-G2-1001-HT",,,,,
"53-1""-WFR-G2-1006-HT",,,,,
"53-1""-WFR-G2-1008-HT",,,,,
"53-1""-WFR-G2-1010-HT",,,,,
"53-1""-WFR-G2-1011-HT",,,,,
"53-1""-WFR-G2-1012-HT",,,,,
"53-1""-WFR-G2-1013-HT",,,,,
"53-1""-WFR-G2-1014-HT",,,,,
"53-1""-WFR-G2-1015-HT",,,,,
"53-1""-WFR-G2-1016-HT",,,,,
"53-1""-WFR-G2-1017-HT",,,,,
"53-1""-WFR-G2-7021-HT",,,,,
"53-1""-WFR-G2-7727-HT",,,,,
"53-1""-WFR-G6-7729",,,,,
"53-1""-WFR-G6-7730",,,,,
"53-1""-WFR-G6-7731",,,,,
"53-2""-FW-AG70-9005-HT",,,,,
"53-2""-WFR-G2-1007-HT",,,,,
"53-2""-WFR-G2-1009-HT",,,,,
"53-2""-WFR-G2-1061-HT",,,,,
"53-2""-WFR-G2-1062-HT",,,,,
"53-2""-WFR-G2-1063-HT",,,,,
"53-2""-WFR-G2-1064-HT",,,,,
"53-2""-WFR-G2-1065-HT",,,,,
"53-2""-WFR-G2-1066-HT",,,,,
"53-2""-WFR-G2-1067-HT",,,,,
"53-2""-WFR-G2-1098-HT",,,,,
"53-2""-WFR-G2-7001",,,,,
"53-2""-WFR-G2-7002",,,,,
"53-2""-WFR-G2-7003",,,,,
"53-2""-WFR-G2-7011",,,,,
"53-2""-WFR-G2-7012",,,,,
"53-2""-WFR-G2-7013",,,,,
"53-2""-WFR-G2-7598-HT",,,,,
"53-2""-WFR-G2-7741",,,,,
"53-2""-WFR-G2-7742",,,,,
"53-24""-WFR-G2-1023",,,,,
"53-3/4""-WFR-G6-7732",,,,,
"53-3/4""-WFR-G6-7733",,,,,
"53-3/4""-WFR-G6-7734",,,,,
"53-4""-WFR-G1-7020",,,,,
"53-4""-WFR-G2-1000-FP",,,,,
"53-4""-WFR-G2-7000",,,,,
"53-4""-WFR-G2-7010",,,,,
"53-6""-WFR-G2-7592",,,,,
"53-6""-WFR-G2-7593",,,,,
"54-1 1/2""-WP-G5-7569-HT",,,,,
"54-1""-WP-G5-5756",,,,,
"54-1""-WP-G5-7022",,,,,
"54-1""-WP-G5-7031-HC",,,,,
"54-1""-WP-G5-7035-HC",,,,,
"54-2""-WP-G5-5504",,,,,
"54-2""-WP-G5-5504A",,,,,
"54-2""-WP-G5-7001",,,,,
"54-2""-WP-G5-7002",,,,,
"54-2""-WP-G5-7003",,,,,
"54-2""-WP-G5-7004",,,,,
"54-2""-WP-G5-7021",,,,,
"54-2""-WP-G5-7023",,,,,
"54-2""-WP-G5-7040-HT",,,,,
"54-2""-WP-G5-7041-HT",,,,,
"54-2""-WP-G5-7043-HT",,,,,
"54-2""-WP-G5-7044-HT",,,,,
"54-2""-WP-G5-7045-HT",,,,,
"54-2""-WP-G5-7046-HT",,,,,
"54-2""-WP-G5-7047-HT",,,,,
"54-2""-WP-G5-7048-HT",,,,,
"54-2""-WP-G5-7049-HT",,,,,
"54-2""-WP-G5-7566-HT",,,,,
"54-2""-WP-G5-7567-HT",,,,,
"54-2""-WP-G5-7568-HT",,,,,
"54-2""-WP-G5-7570-HT",,,,,
"54-2""-WP-G5-7571-HT",,,,,
"54-2""-WP-G5-7572-HT",,,,,
"54-2""-WP-G5-7573-HT",,,,,
"54-2""-WP-G5-7599-HT",,,,,
"54-2""-WP-G5-7601-HT",,,,,
"54-2""-WP-G5-7761-HT",,,,,
"54-2""-WP-G5-7762-HT",,,,,
"55 -1 1/2""-ST-G8-7382-HC",,,,,
"55-1 1/2""-ST-G8-7379-HC",,,,,
"55-1 1/2""-ST-G8-7800-HC",,,,,
"55-1 1/2""-ST-G8-7801-HC",,,,,
"55-1 1/2""-ST-J3-7108",,,,,
"55-1 1/2""-WFE-G2-7201-HC",,,,,
"55-1""-SC-G2-7220-PP",,,,,
"55-1""-SC-G2-7221-PP",,,,,
"55-1""-SC-G2-7371-PP",,,,,
"55-1""-SC-G2-7372-PP",,,,,
"55-1""-ST-G8-5504-PP",,,,,
"55-1""-ST-G8-5560-PP",,,,,
"55-1""-ST-G8-5561-PP",,,,,
"55-1""-ST-G8-5562-PP",,,,,
"55-1""-ST-G8-5563-PP",,,,,
"55-1""-ST-G8-5564-PP",,,,,
"55-1""-ST-G8-5565-PP",,,,,
"55-1""-ST-G8-5566-PP",,,,,
"55-1""-ST-G8-5567-PP",,,,,
"55-1""-ST-G8-5568-PP",,,,,
"55-1""-ST-G8-5569-PP",,,,,
"55-1""-ST-G8-5570-PP",,,,,
"55-1""-ST-G8-5571-PP",,,,,
"55-1""-ST-G8-5572-PP",,,,,
"55-1""-ST-G8-5573-PP",,,,,
"55-1""-ST-G8-5577-PP",,,,,
"55-1""-ST-G8-5578-PP",,,,,
"55-1""-ST-G8-5579-PP",,,,,
"55-1""-ST-G8-5580-PP",,,,,
"55-1""-ST-G8-5581-PP",,,,,
"55-1""-ST-G8-5582-PP",,,,,
"55-1""-ST-J3-5002",,,,,
"55-1""-ST-J3-5004",,,,,
"55-1""-ST-J3-5006",,,,,
"55-1""-ST-J3-5008",,,,,
"55-1""-ST-J3-5010",,,,,
"55-1""-ST-J3-5012",,,,,
"55-1""-ST-J3-5014",,,,,
"55-1""-ST-J3-5102",,,,,
"55-1""-ST-J3-5104",,,,,
"55-1""-ST-J3-5106",,,,,
"55-1""-ST-J3-5108",,,,,
"55-1""-ST-J3-5110",,,,,
"55-1""-ST-J3-5112",,,,,
"55-1""-ST-J3-5114",,,,,
"55-1""-ST-J3-5116",,,,,
"55-1""-ST-J3-5118",,,,,
"55-1""-ST-J3-5120",,,,,
"55-1""-ST-J3-5122",,,,,
"55-1""-ST-J3-5124",,,,,
"55-1""-ST-J3-5126 ",,,,,
"55-1""-ST-J3-5128",,,,,
"55-1""-WFE-G2-7101-PP",,,,,
"55-1""-WFE-G2-7528-PP",,,,,
"55-1""-WFE-G2-7529-PP",,,,,
"55-1""-WFE-G2-7561-PP",,,,,
"55-1/2""-CI-J1-7313-HC",,,,,
"55-1/2""-CI-J1-7314-HC",,,,,
"55-1/2""-CI-J1-7573-HC",,,,,
"55-1/2""-CI-J1-7602-HC",,,,,
"55-1/2""-WFE-H1-7505-HC",,,,,
"55-1/2""-WFE-I2-7313-HC",,,,,
"55-1/2""-WFE-I2-7314-HC",,,,,
"55-1/2""-WFE-I2-7574-HC",,,,,
"55-1/2""-WFE-I2-7603-HC",,,,,
"55-10""-SC-G2-1099-PP",,,,,
"55-10""-SC-G2-1127-PP",,,,,
"55-10""-SC-G2-5541-PP",,,,,
"55-10""-SC-G2-7109-PP",,,,,
"55-10""-SC-G2-7304-PP",,,,,
"55-10""-SC-G2-7539-PP",,,,,
"55-10""-ST-G8-1056-HC",,,,,
"55-10""-ST-I1-1159-HC",,,,,
"55-10""-ST-I1-7377-HC",,,,,
"55-10""-ST-I1-7380-HC",,,,,
"55-10""-ST-I1-7587-HC",,,,,
"55-10""-ST-I1-7588-HC",,,,,
"55-10""-ST-I1-7794-HC",,,,,
"55-10""-ST-I1-7795-HC",,,,,
"55-10""-WFE-G2-7612",,,,,
"55-10""-WFE-G2-7613",,,,,
"55-1-1/2""-ST-J3-5001",,,,,
"55-1-1/2""-ST-J3-5003",,,,,
"55-1-1/2""-ST-J3-5005",,,,,
"55-1-1/2""-ST-J3-5007",,,,,
"55-1-1/2""-ST-J3-5009",,,,,
"55-1-1/2""-ST-J3-5011 ",,,,,
"55-1-1/2""-ST-J3-5013",,,,,
"55-1-1/2""-ST-J3-5101",,,,,
"55-1-1/2""-ST-J3-5103",,,,,
"55-1-1/2""-ST-J3-5105",,,,,
"55-1-1/2""-ST-J3-5107",,,,,
"55-1-1/2""-ST-J3-5109",,,,,
"55-1-1/2""-ST-J3-5111",,,,,
"55-1-1/2""-ST-J3-5113",,,,,
"55-1-1/2""-ST-J3-5115",,,,,
"55-1-1/2""-ST-J3-5117",,,,,
"55-1-1/2""-ST-J3-5119",,,,,
"55-1-1/2""-ST-J3-5121",,,,,
"55-1-1/2""-ST-J3-5123",,,,,
"55-1-1/2""-ST-J3-5125",,,,,
"55-1-1/2""-ST-J3-5127",,,,,
"55-1-1/2""-ST-J3-7001",,,,,
"55-1-1/2""-ST-J3-7002",,,,,
"55-1-1/2""-ST-J3-7003",,,,,
"55-1-1/2""-ST-J3-7004",,,,,
"55-1-1/2""-ST-J3-7005",,,,,
"55-1-1/2""-ST-J3-7006",,,,,
"55-1-1/2""-ST-J3-7007",,,,,
"55-1-1/2""-ST-J3-7100",,,,,
"55-1-1/2""-ST-J3-7101",,,,,
"55-1-1/2""-ST-J3-7102",,,,,
"55-1-1/2""-ST-J3-7103",,,,,
"55-1-1/2""-ST-J3-7104",,,,,
"55-1-1/2""-ST-J3-7105",,,,,
"55-1-1/2""-ST-J3-7106",,,,,
"55-1-1/2""-ST-J3-7107",,,,,
"55-1-1/2""-ST-J3-7109",,,,,
"55-1-1/2""-ST-J3-7110",,,,,
"55-1-1/2""-ST-J3-7111",,,,,
"55-1-1/2""-ST-J3-7112",,,,,
"55-1-1/2""-ST-J3-7113",,,,,
"55-1-1/2""-WFE-H1-7201-HC",,,,,
"55-14""-ST-H2-7096-HC",,,,,
"55-2""-SC-G8-1029-HC",,,,,
"55-2""-WFE-G2-7106-PP",,,,,
"55-2""-WFE-G2-7107-PP",,,,,
"55-2""-WFE-H1-7720-HC",,,,,
"55-2""-WFE-I2-1245",,,,,
"55-2""-WFE-I2-1693-PP",,,,,
"55-2""-WFE-I2-1694-PP",,,,,
"55-2""-WFE-I2-7307-HC",,,,,
"55-2""-WFE-I2-7323-PP",,,,,
"55-2""-WFE-I2-7326-PP",,,,,
"55-2""-WFE-I2-7600-PP",,,,,
"55-2""-WFE-I2-7609-PP",,,,,
"55-2""-WFE-I2-7723-HC",,,,,
"55-3""-SC-G2-5556-PP",,,,,
"55-3""-SC-G2-5576-PP",,,,,
"55-3""-SC-G2-7508-PP",,,,,
"55-3""-SC-G2-7533-PP",,,,,
"55-3""-SC-G2-7534-PP",,,,,
"55-3""-SC-H2-7538-PP",,,,,
"55-3""-ST-G8-1094-HC",,,,,
"55-3""-ST-G8-1095-HC",,,,,
"55-3""-ST-G8-7378-HC",,,,,
"55-3""-ST-G8-7381-HC",,,,,
"55-2""-WFE-G2-7514-HC",,,,,
"55-3""-WFE-I2-7386-HC",,,,,
"55-3/4""-SC-B1-2002-PP",,,,,
"55-3/4""-SC-B1-2003-PP",,,,,
"55-3/4""-SC-G2-1108-PP",,,,,
"55-3/4""-SC-G2-7701-PP",,,,,
"55-3/4""-SC-H2-1006-PP",,,,,
"55-3/4""-ST-H2-1152-PP",,,,,
"55-4""-SC-G2-5549-PP",,,,,
"55-4""-SC-G2-5574-PP",,,,,
"55-4""-SC-G2-7108-PP",,,,,
"55-4""-ST-G2-7434-PP",,,,,
"55-4""-WFE-G2-7102-PP",,,,,
"55-4""-WFE-G2-7202-HC",,,,,
"55-4""-WFE-G2-7510-PP",,,,,
"55-4""-WFE-G2-7511-PP",,,,,
"55-4""-WFE-G2-7523-PP",,,,,
"55-4""-WFE-G2-7524-PP",,,,,
"55-4""-WFE-H1-1012-HC",,,,,
"55-4""-WFE-H1-1014-HC",,,,,
"55-4""-WFE-H1-7203-HC",,,,,
"55-5""-ST-G8-5555-HC",,,,,
"55-5""-ST-G8-5575-PP",,,,,
"55-5""-WFE-G2-1015-HC",,,,,
"55-5""-WFE-G2-1016-HC",,,,,
"55-5""-WFE-G2-7200-HC",,,,,
"55-6""-SC-G2-7303-PP",,,,,
"55-6""-SC-H2-7532-HC",,,,,
"55-6""-ST-G8-5548-HC",,,,,
"55-6""-ST-G8-5559-PP",,,,,
"55-6""-ST-H2-7531-HC",,,,,
"55-6""-WFE-G2-7103-PP ",,,,,
"55-6""-WFE-G2-7202-HC",,,,,
"55-6""-WFE-G2-7692-HC",,,,,
"55-6""-WFE-I2-7317-HC",,,,,
"55-6""-WFE-I2-7318-HC",,,,,
"55-6""-WFE-I2-7572-HC",,,,,
"55-6""-WFE-I2-7601-HC",,,,,
"55-8""-SC-G2-7110-PP",,,,,
"56-1""-DO-G1-7331",,,,,
"56-1""-DO-G2-7758",,,,,
"56-1""-DO-G2-7759",,,,,
"56-1/2""-DO-J1-7559",,,,,
"56-2""-DO-G1-5607",,,,,
"56-2""-DO-G1-5642",,,,,
"56-2""-DO-G1-5643",,,,,
"56-2""-DO-G1-5644",,,,,
"56-2""-DO-G1-5645",,,,,
"56-2""-DO-G1-5646",,,,,
"56-2""-DO-G1-5647",,,,,
"56-2""-DO-G1-5648",,,,,
"56-2""-DO-G1-5649",,,,,
"56-2""-DO-G1-5650",,,,,
"56-2""-DO-G1-5651",,,,,
"56-2""-DO-G1-5652",,,,,
"56-2""-DO-G1-5653",,,,,
"56-2""-DO-G1-5654",,,,,
"56-2""-DO-G1-5655",,,,,
"56-2""-DO-G1-5656",,,,,
"56-2""-DO-G1-5657",,,,,
"56-2""-DO-G1-5658",,,,,
"56-2""-DO-G1-5659",,,,,
"56-2""-DO-G1-7737-PP",,,,,
"56-2""-DO-G1-7011",,,,,
"56-2""-DO-G1-7012",,,,,
"56-2""-DO-G1-7013",,,,,
"56-2""-DO-G1-7021",,,,,
"56-2""-DO-G1-7022",,,,,
"56-2""-DO-G1-7023",,,,,
"56-2""-DO-G1-7061",,,,,
"56-2""-DO-G1-7202",,,,,
"56-2""-DO-G1-7546",,,,,
"56-2""-DO-G1-7552",,,,,
"56-2""-DO-G1-7586",,,,,
"56-2""-DO-G1-7587",,,,,
"56-2""-DO-G1-7588",,,,,
"56-2""-DO-G1-7589",,,,,
"56-2""-DO-G1-7590",,,,,
"56-2""-DO-G1-7591",,,,,
"56-2""-DO-G1-7592",,,,,
"56-2""-DO-G1-7593",,,,,
"56-2""-DO-G1-7614",,,,,
"56-2""-DO-G1-7735-PP",,,,,
"56-2""-DO-G1-7736-PP",,,,,
"56-2""-DO-G1-7739",,,,,
"56-2""-DO-G2-1000",,,,,
"56-2""-DO-G2-1001",,,,,
"56-2""-DO-G2-1011",,,,,
"56-2""-DO-G2-1038",,,,,
"56-2""-DO-G2-1041",,,,,
"56-2""-DO-G2-1042",,,,,
"56-2""-DO-G2-1043",,,,,
"56-2""-DO-G2-1044",,,,,
"56-2""-DO-G2-1051",,,,,
"56-2""-DO-G2-1052",,,,,
"56-2""-DO-G2-1053",,,,,
"56-2""-DO-G2-7303",,,,,
"56-2""-DO-G2-7581",,,,,
"56-2""-DO-G2-7582",,,,,
"56-2""-DO-G2-7616",,,,,
"56-2""-DO-G2-7617",,,,,
"56-2""-DO-G2-7618",,,,,
"56-2""-DO-G2-7619",,,,,
"56-2""-DO-G2-7620",,,,,
"56-2""-DO-G2-7621",,,,,
"56-3""-DO-G1-5634",,,,,
"56-3""-DO-G1-5635",,,,,
"56-3""-DO-G1-5636",,,,,
"56-3""-DO-G1-5637",,,,,
"56-3""-DO-G1-5638",,,,,
"56-3""-DO-G1-5639",,,,,
"56-3""-DO-G1-5640",,,,,
"56-3""-DO-G1-5641",,,,,
"56-3""-DO-G1-5802",,,,,
"56-3""-DO-G1-5803",,,,,
"56-3""-DO-G1-7162",,,,,
"56-3""-DO-G1-7199",,,,,
"56-3""-DO-G1-7200",,,,,
"56-3""-DO-G1-7307-FP",,,,,
"56-3""-DO-G1-7387",,,,,
"56-3""-DO-G1-7477-FP",,,,,
"56-3""-DO-G1-7484-FP",,,,,
"56-3""-DO-G1-7500",,,,,
"56-3""-DO-G1-7501",,,,,
"56-3""-DO-G1-7502-FP",,,,,
"56-4""-DO-G1-7579-FP",,,,,
"56-3""-DO-G1-7583-FP",,,,,
"56-3""-DO-G1-7683-FP",,,,,
"56-3""-DO-G2-7301",,,,,
"56-3""-DO-G2-7578",,,,,
"56-3/4""-DO-G1-7741",,,,,
"56-3/4""-DO-G1-7742",,,,,
"56-3/4""-DO-G1-7743",,,,,
"56-1/4""-DO-J1-7001",,,,,
"56-1/4""-DO-J1-7002",,,,,
"56-1/4""-DO-J1-7003",,,,,
"56-4""-DO-G1-7306-FP",,,,,
"56-4""-DO-G1-7356",,,,,
"56-4""-DO-G1-7357-FP",,,,,
"56-4""-DO-G1-7358-FP",,,,,
"56-4""-DO-G1-7406-FP",,,,,
"56-4""-DO-G1-7407-FP",,,,,
"56-4""-DO-G1-7408-FP",,,,,
"56-4""-DO-G1-7479-FP",,,,,
"56-4""-DO-G1-7480-FP",,,,,
"56-4""-DO-G1-7481-FP",,,,,
"56-4""-DO-G1-7483-FP",,,,,
"56-4""-DO-G1-7596-FP",,,,,
"56-6""-DO-G1-7683-FP",,,,,
"56-4""-DO-G2-1002",,,,,
"56-4""-DO-G2-1003",,,,,
"56-4""-DO-G2-1004",,,,,
"56-4""-DO-G2-1007",,,,,
"56-4""-DO-G2-1009",,,,,
"56-4""-DO-G2-1010",,,,,
"56-4""-DO-G2-1013",,,,,
"56-4""-DO-G2-1015",,,,,
"56-4""-DO-G2-1016",,,,,
"56-4""-DO-G2-1028",,,,,
"56-4""-DO-G2-1029",,,,,
"56-4""-DO-G2-1030",,,,,
"56-4""-DO-G2-1033",,,,,
"56-4""-DO-G2-1039",,,,,
"56-4""-DO-G2-1040",,,,,
"56-4""-DO-G2-7411",,,,,
"56-4""-DO-G2-7575",,,,,
"56-4""-DO-G2-7580",,,,,
"56-4""-DO-G2-7583",,,,,
"56-4""-DO-G2-7590",,,,,
"56-4""-DO-G2-7591",,,,,
"56-4""-DO-G2-7599",,,,,
"56-4""-DO-G2-7608",,,,,
"56-4""-DO-G2-7610",,,,,
"56-4""-DO-G2-7611",,,,,
"56-4""-DO-G2-7722",,,,,
"56-4""-DO-G2-7807",,,,,
"56-6""-DO-G1-5630",,,,,
"56-6""-DO-G1-5631",,,,,
"56-6""-DO-G1-5632",,,,,
"56-6""-DO-G1-5633",,,,,
"56-6""-DO-G1-5726",,,,,
"56-6""-DO-G1-5727",,,,,
"56-6""-DO-G1-7010",,,,,
"56-6""-DO-G1-7110",,,,,
"56-6""-DO-G1-7201",,,,,
"56-6""-DO-G1-7202",,,,,
"56-6""-DO-G1-7204",,,,,
"56-6""-DO-G1-7206",,,,,
"56-6""-DO-G1-7208",,,,,
"56-6""-DO-G1-7251",,,,,
"56-6""-DO-G1-7252",,,,,
"56-6""-DO-G1-7254",,,,,
"56-6""-DO-G1-7256",,,,,
"56-6""-DO-G1-7258",,,,,
"56-6""-DO-G1-7301",,,,,
"56-6""-DO-G1-7302",,,,,
"56-6""-DO-G1-7303",,,,,
"56-6""-DO-G1-7305",,,,,
"56-4""-DO-G1-7476-FP",,,,,
"56-6""-DO-G1-7569-FP",,,,,
"56-6""-DO-G1-7571-FP",,,,,
"56-6""-DO-G1-7573-FP",,,,,
"56-6""-DO-G1-7583-FP",,,,,
"56-4""-DO-G1-7597-FP",,,,,
"56-4""-DO-G1-7695-FP",,,,,
"56-6""-DO-G2-1026",,,,,
"56-6""-DO-G2-7300",,,,,
"56-6""-DO-G2-7568",,,,,
"56-6""-DO-G2-7570",,,,,
"56-6""-DO-G2-7572",,,,,
"56-6""-DO-G2-7574",,,,,
"56-6""-DO-G2-7577",,,,,
"56-6""-DO-G2-7682",,,,,
"56-6""-DO-G2-7689",,,,,
"56-6""-DO-G2-7693",,,,,
"56-6""-DO-G2-7694",,,,,
"56-4""-DO-G2-7699",,,,,
"56-8""-DO-G1-7011",,,,,
"56-8""-DO-G1-7111",,,,,
"56-8""-DO-G2-1017",,,,,
"56-8""-DO-G2-1018",,,,,
"56-8""-DO-G2-1019",,,,,
"56-8""-DO-G2-1020",,,,,
"56-8""-DO-G2-7450",,,,,
"57-1""-DC-G7-1011",,,,,
"57-1""-DC-G7-7568",,,,,
"57-2""-DC-AD20-7750",,,,,
"57-2""-DC-AD20-7751",,,,,
"57-2""-DC-AD20-7752",,,,,
"57-2""-DC-G1-7201",,,,,
"57-2""-DC-G1-7545",,,,,
"57-2""-DC-G1-7749",,,,,
"57-2""-DC-G7-1002-HT",,,,,
"57-6""-DC-G7-1000",,,,,
"57-6""-DC-G7-1004",,,,,
"57-8""-DC-G1-7012",,,,,
"57-8""-DC-G1-7112",,,,,
"57-8""-DC-G4-1013",,,,,
"57-8""-DC-G7-1001",,,,,
"57-8""-DC-G7-1009",,,,,
"61-2""-OA-G15-7000",,,,,
"62-1 1/2""-OF-H1-1023",,,,,
"62-1 1/2""-OF-H1-1024",,,,,
"62-1 1/2""-OF-G2-7312",,,,,
"62-1 1/2""-OF-H1-7313",,,,,
"62-1 1/2""-OF-H1-7314",,,,,
"62-1""-OF-G2-1012",,,,,
"62-1""-OF-G2-7311",,,,,
"62-1""-OF-G2-7576",,,,,
"62-1""-OF-G2-7605",,,,,
"62-1""-OF-H1-7310",,,,,
"62-2""-OF-H1-1023",,,,,
"62-2""-OF-H1-1024",,,,,
"62-2""-OF-H1-7402",,,,,
"62-2""-OF-H1-7403",,,,,
"62-3""-OF-G2-7401",,,,,
"62-3""-OF-G2-7757",,,,,
"62-4""-OF-G2-1001",,,,,
"62-4""-OF-G2-7000",,,,,
"63-1 1/2""-AP-G1-1026",,,,,
"63-1 1/2""-AP-G1-1027",,,,,
"63-1 1/2""-AP-G1-1028",,,,,
"63-1 1/2""-AP-G1-1807",,,,,
"63-1 1/2""-AP-G1-1817",,,,,
"63-1 1/2""-AP-G1-7310",,,,,
"63-1 1/2""-AP-G1-7311",,,,,
"63-1 1/2""-AP-G1-7687",,,,,
"63-1""-AP-G1-1003",,,,,
"63-1""-AP-G1-1007",,,,,
"63-1""-AP-G1-1009",,,,,
"63-1""-AP-G1-1011",,,,,
"63-1""-AP-G1-1013",,,,,
"63-1""-AP-G1-1014",,,,,
"63-1""-AP-G1-1017",,,,,
"63-1""-AP-G1-1019",,,,,
"63-1""-AP-G1-1021",,,,,
"63-1""-AP-G1-1022",,,,,
"63-1""-AP-G1-1023",,,,,
"63-1""-AP-G1-1031",,,,,
"63-1""-AP-G1-1032",,,,,
"63-1""-AP-G1-7100",,,,,
"63-1""-AP-G1-7400",,,,,
"63-1""-AP-G1-7498",,,,,
"63-1""-AP-G1-7728",,,,,
"63-2""-AP-G1-1000",,,,,
"63-2""-AP-G1-1020",,,,,
"63-2""-AP-G1-1024",,,,,
"63-2""-AP-G1-1025",,,,,
"63-2""-AP-G1-1029",,,,,
"63-2""-AP-G1-1030",,,,,
"63-2""-AP-G1-5504",,,,,
"63-2""-AP-G1-7589",,,,,
"63-3""-AI-G1-7014",,,,,
"63-3""-AI-G1-7015",,,,,
"63-3""-AI-G1-7016",,,,,
"63-3""-AP-G1-7001",,,,,
"63-3""-AP-G1-7002",,,,,
"63-3""-AP-G1-7003",,,,,
"63-3""-AP-G1-7011",,,,,
"63-3""-AP-G1-7012",,,,,
"63-3""-AP-G1-7013",,,,,
"63-3/4""-AP-G1-1003",,,,,
"63-3/4""-AP-G1-7334",,,,,
"63-3/4""-AP-G1-7335",,,,,
"63-3/4""-AP-G1-7336",,,,,
"63-3/4""-AP-G1-7559",,,,,
"64-10""-IG-G4-7300",,,,,
"64-10""-IG-G4-7302",,,,,
"64-12""-IG-G4-1022",,,,,
"64-12""-IG-G4-1026",,,,,
"64-12""-IG-G4-1027",,,,,
"64-12""-IG-G4-1028",,,,,
"64-12""-IG-G4-1029",,,,,
"64-12""-IG-G4-1031",,,,,
"64-12""-IG-G4-1041",,,,,
"64-12""-IG-G4-1043",,,,,
"64-12""-IG-G4-1044",,,,,
"64-12""-IG-G4-1045",,,,,
"64-12""-IG-G4-1046",,,,,
"64-12""-IG-G4-1048",,,,,
"64-14""-IG-G4-1005",,,,,
"64-14""-IG-G4-1006",,,,,
"64-14""-IG-G4-1007",,,,,
"64-14""-IG-G4-1008",,,,,
"64-14""-IG-G4-1015",,,,,
"64-14""-IG-G4-1024",,,,,
"64-14""-IG-G4-1025",,,,,
"64-14""-IG-G4-1030",,,,,
"64-14""-IG-G4-1039",,,,,
"64-20""-IG-G4-1001",,,,,
"64-20""-IG-G4-1016",,,,,
"64-20""-IG-G4-1021",,,,,
"64-20""-IG-G4-1023",,,,,
"64-6""-IG-G4-1052",,,,,
"65-1 1/2""-OH-K1-1000",,,,,
"65-1 1/2""-OH-K1-1001",,,,,
"65-1/2""-OH-J2-7113",,,,,
"65-1/2""-OH-J2-7114",,,,,
"65-3/4""-OH-J2-1002",,,,,
"65-3/4""-OH-J2-1003",,,,,
"65-3/4""-OH-J2-1004",,,,,
"65-3/4""-OH-J2-1005",,,,,
"65-3/4""-OH-J2-1006",,,,,
"65-3/4""-OH-J2-1007",,,,,
"65-3/4""-OH-J2-1008",,,,,
"65-3/4""-OH-J2-1009",,,,,
"65-3/4""-OH-J2-1010",,,,,
"65-3/4""-OH-J2-1011",,,,,
"65-3/4""-OH-J2-1012",,,,,
"65-3/4""-OH-J2-1013",,,,,
"65-3/4""-OH-J2-1014",,,,,
"65-3/4""-OH-J2-1015",,,,,
"65-3/4""-OH-J2-1016",,,,,
"65-3/4""-OH-J2-1017",,,,,
"65-3/4""-OH-J2-1018",,,,,
"65-3/4""-OH-J2-1019",,,,,
"66-2 1/2""-DS-G1-7786",,,,,
"66-2""-DS-G1-7764",,,,,
"66-3""-DS-G1-7763",,,,,
"67-1 1/2""-AI-G1-7104",,,,,
"67-1""-AI-G15-7102",,,,,
"67-1""-AI-G15-7526",,,,,
"67-1""-AI-G15-7541",,,,,
"67-1""-AI-G15-7560",,,,,
"67-1""-AI-G15-7868",,,,,
"67-1""-AI-G15-7870",,,,,
"67-1""-AI-G15-7871",,,,,
"67-1""-AI-G15-7872",,,,,
"67-1""-AI-G15-7873",,,,,
"67-1""-AI-G1-7101",,,,,
"67-1""-AI-G1-7103",,,,,
"67-1""-AI-G1-7491",,,,,
"67-1/2""-AI-G15-7543",,,,,
"67-1/2""-AI-G15-7585",,,,,
"67-1/2""-AI-G1-7305",,,,,
"67-1/2""-AI-G15-7826",,,,,
"67-2""-AI-G15-7520",,,,,
"67-2""-AI-G15-7523",,,,,
"67-2""-AI-G15-7525",,,,,
"67-2""-AI-G15-7530",,,,,
"67-2""-AI-G15-7531",,,,,
"67-2""-AI-G15-7532",,,,,
"67-2""-AI-G15-7533",,,,,
"67-2""-AI-G15-7534",,,,,
"67-2""-AI-G15-7535",,,,,
"67-2""-AI-G15-7536",,,,,
"67-2""-AI-G15-7537",,,,,
"67-2""-AI-G15-7539",,,,,
"67-2""-AI-G15-7540",,,,,
"67-2""-AI-G15-7577",,,,,
"67-2""-AI-G15-7606",,,,,
"67-3""-AI-G1-5541",,,,,
"67-3""-AI-G15-7002",,,,,
"67-3""-AI-G15-7521",,,,,
"67-3""-AI-G1-7001",,,,,
"67-3""-AI-G1-7105",,,,,
"67-3""-AI-G1-7867",,,,,
"67-3/4""-AI-G15-7200",,,,,
"68‑1""‑NG‑G2‑7766",,,,,
"68‑1""‑NG‑G2‑7770",,,,,
"68‑1""‑NG‑G2‑7772",,,,,
"68‑1""‑NG‑G2‑7775",,,,,
"68-1/2""-NG-G2-7302",,,,,
"68-1/2""-NG-G2-7303",,,,,
"68-1/2""-NG-G2-7779",,,,,
"68-1/2""-NG-G2-7780",,,,,
"64-12""-IG-G4-1047",,,,,
"68-14""-NG-G4-7018",,,,,
"68-14""-NG-G4-7020",,,,,
"68-14""-NG-G4-7030",,,,,
"68-14""-NG-G4-7032",,,,,
"68-14""-NG-G4-7583",,,,,
"68-14""-NG-G4-7584",,,,,
"68-14""-NG-G4-7726",,,,,
"68-2""-NG-AC21-9009",,,,,
"68-2""-NG-AC21-9011",,,,,
"68-2""-NG-G2-7501",,,,,
"68-2""-NG-G2-7502",,,,,
"68-2""-NG-G2-7503",,,,,
"68‑2""‑NG‑G2‑7550",,,,,
"68‑2""‑NG‑G2‑7581",,,,,
"68‑2""‑NG‑G2‑7582",,,,,
"68‑2""‑NG‑G2‑7600",,,,,
"68‑2""‑NG‑G2‑7615",,,,,
"68‑2""‑NG‑G2‑7765",,,,,
"68‑2""‑NG‑G2‑7767",,,,,
"68‑2""‑NG‑G2‑7768",,,,,
"68‑2""‑NG‑G2‑7769",,,,,
"68‑2""‑NG‑G2‑7771",,,,,
"68‑2""‑NG‑G2‑7773",,,,,
"68‑2""‑NG‑G2‑7774",,,,,
"68‑2""‑NG‑G2‑7776",,,,,
"68‑2""‑NG‑G2‑7777",,,,,
"68‑2""‑NG‑G2‑7778",,,,,
"68‑2""‑NG‑G2‑7787",,,,,
"68‑2""‑NG‑G2‑7791",,,,,
"68-3""-NG-G2-7500",,,,,
"68-3""-NG-G2-7690",,,,,
"68-3""-VA-G2-7010",,,,,
"68-3""-VA-G2-7110",,,,,
"68-4""-NG-G4-7000",,,,,
"68-6""-NG-G4-7017",,,,,
"68-6""-NG-G4-7019",,,,,
"68-6""-NG-G4-7021",,,,,
"68-6""-NG-G4-7023",,,,,
"68-6""-NG-G4-7031",,,,,
"68-6""-NG-G4-7033",,,,,
"68-4""-NG-G4-7100",,,,,
"68-4""-NG-G2-7538",,,,,
"68-6""-NG-G2-7788",,,,,
"68-6""-NG-G2-7790",,,,,
"68-6""-NG-G2-7300",,,,,
"68-8""-NG-G4-7579",,,,,
"71-1""-WF-G1-7852",,,,,
"71-10""-WF-G1-1063",,,,,
"71-10""-WF-G1-7513",,,,,
"71-14""-WF-G1-1000",,,,,
"71-14""-WF-G1-1001",,,,,
"71-14""-WF-G1-1003",,,,,
"71-14""-WF-G1-1020",,,,,
"71-14""-WF-G1-1032",,,,,
"71-14""-WF-G1-1051",,,,,
"71-14""-WF-G1-1097-FP",,,,,
"71‑14""‑WF‑G1‑7562",,,,,
"71-2 1/2""-OH-K1-1074",,,,,
"71-2 1/2""-OH-K2-1072",,,,,
"71-2 1/2""-WF-G1-1006-HT",,,,,
"71-2 1/2""-WF-G1-1007-HT",,,,,
"71-2 1/2""-WF-G1-1008-HT",,,,,
"71-2 1/2""-WF-G1-1009-HT",,,,,
"71-2 1/2""-WF-G1-1010-HT",,,,,
"71-2 1/2""-WF-G1-1011-HT",,,,,
"71-2 1/2""-WF-G1-1012-HT",,,,,
"71-2 1/2""-WF-G1-1013-HT",,,,,
"71-2 1/2""-WF-G1-1014-HT",,,,,
"71-2 1/2""-WF-G1-1016",,,,,
"71-2 1/2""-WF-G1-1017",,,,,
"71-2 1/2""-WF-G1-1018",,,,,
"71-2 1/2""-WF-G1-1019",,,,,
"71-2 1/2""-WF-G1-1053-HT",,,,,
"71-2 1/2""-WF-G1-1054-HT",,,,,
"71-2 1/2""-WF-G1-1103-HT",,,,,
"71-2 1/2""-WF-G1-1104-HT",,,,,
"71-2 1/2""-WF-G1-1105-HT",,,,,
"71-2 1/2""-WF-G1-1106-HT",,,,,
"71-2 1/2""-WF-G1-1107-HT",,,,,
"71-2 1/2""-WF-G1-1108-HT",,,,,
"71-2 1/2""-WF-G1-1109-HT",,,,,
"71-2 1/2""-WF-G1-1110-HT",,,,,
"71-2 1/2""-WF-G1-1111-HT",,,,,
"71-2 1/2""-WF-G1-1112-HT",,,,,
"71-2 1/2""-WF-G1-1113-HT",,,,,
"71-2 1/2""-WF-G1-1114-HT",,,,,
"71-2 1/2""-WF-G1-1115-HT",,,,,
"71-2 1/2""-WF-G1-1123",,,,,
"71-2 1/2""-WF-G1-1124",,,,,
"71-2 1/2""-WF-G1-1127-HT",,,,,
"71-2 1/2""-WF-G1-1134-HT",,,,,
"71-2 1/2""-WF-G1-1135",,,,,
"71-2 1/2""-WF-G1-1136",,,,,
"71-2 1/2""-WF-G1-1137",,,,,
"71-2 1/2""-WF-G1-1138",,,,,
"71-2 1/2""-WF-G1-1139",,,,,
"71-2 1/2""-WF-G1-1142-HT",,,,,
"71-2 1/2""-WF-G1-7239-HT",,,,,
"71-2 1/2""-WF-G1-7240-HT",,,,,
"71-2 1/2""-WF-G1-7561-HT",,,,,
"71-2 1/2""-WF-G1-7570-HT",,,,,
"71-2 1/2""-WF-G1-7571-HT",,,,,
"71-2 1/2""-WF-G1-7576-HT",,,,,
"71-2 1/2""-WF-G1-7577-HT",,,,,
"71-2 1/2""-WF-G1-7578-HT",,,,,
"71-2""-WF-G1-1073",,,,,
"71-2""-WF-G13-7205",,,,,
"71-2""-WF-G13-7206",,,,,
"71-2""-WF-G13-7578",,,,,
"71-2""-WF-G13-7607",,,,,
"71-2""-WF-G16-7587",,,,,
"71-2""-WF-G1-7391",,,,,
"71-2""-WF-G1-7391-HT",,,,,
"71-24""-WF-G16-7586",,,,,
"71-24""-WF-G4-1090",,,,,
"71-3""-WF-G1-1004-FP",,,,,
"71-3""-WF-G1-1005-FP",,,,,
"71-3/4""-OH-K1-1075",,,,,
"71-3/4""-WF-G1-7874-HT",,,,,
"71-4""-WF-G1-1015",,,,,
"71-4""-WF-G1-1092",,,,,
"71-4""-WF-G1-1096-FP",,,,,
"71-4""-WF-G1-1099-FP",,,,,
"71-4""-WF-G13-7105",,,,,
"71‑4""‑WF‑G13‑7201",,,,,
"71-4""-WF-G1-7202",,,,,
"71-4""-WF-G1-7203",,,,,
"71-4""-WF-G1-7672",,,,,
"71-4""-WF-G1-7796",,,,,
"71-5""-WF-G1-1145",,,,,
"71-6""-WF-G13-7101",,,,,
"71-6""-WF-G13-7103",,,,,
"71-6""-WF-G13-7104",,,,,
"71-6""-WF-G13-7109",,,,,
"71-4""-WF-G1-7201",,,,,
"71-4""-WF-G1-7394",,,,,
"71-4""-WF-G1-7396",,,,,
"71-4""-WF-G1-7518",,,,,
"71-4""-WF-G1-7519",,,,,
"71-4""-WF-G1-7599",,,,,
"71-6""-WF-G1-7600",,,,,
"71-6""-WF-G1-7601",,,,,
"71-6""-WF-G1-7760",,,,,
"71-8""-WF-G1-1021-FP",,,,,
"71-8""-WF-G1-1023-FP",,,,,
"71-8""-WF-G1-1024-FP",,,,,
"71-8""-WF-G1-1025-FP",,,,,
"71-8""-WF-G1-1027-FP",,,,,
"71-8""-WF-G1-1029-FP",,,,,
"71-8""-WF-G1-1033-FP",,,,,
"71-8""-WF-G1-1035-FP",,,,,
"71-8""-WF-G1-1039-FP",,,,,
"71-8""-WF-G1-1040-FP",,,,,
"71-8""-WF-G1-1041-FP",,,,,
"71-8""-WF-G1-1042-FP",,,,,
"71-8""-WF-G1-1045-FP",,,,,
"71-8""-WF-G1-1046-FP",,,,,
"71-8""-WF-G1-1047-FP",,,,,
"71-8""-WF-G1-1048-FP",,,,,
"71-8""-WF-G1-1049-FP",,,,,
"71-8""-WF-G1-1050-FP",,,,,
"71-8""-WF-G1-1052-FP",,,,,
"71-8""-WF-G1-1061-FP",,,,,
"71-8""-WF-G1-1062-FP",,,,,
"71-8""-WF-G1-1101-FP",,,,,
"71-8""-WF-G1-1102-FP",,,,,
"71-8""-WF-G1-1140-FP",,,,,
"71-8""-WF-G13-7102",,,,,
"71-8""-WF-G13-7106",,,,,
"71-8""-WF-G13-7107",,,,,
"71-8""-WF-G13-7108",,,,,
"73-3/8""-GD-J1-7540",,,,,
"73-3/8""-GD-J1-7541",,,,,
"73-3/8""-GD-J6-7810",,,,,
"73-3/8""-GD-J6-7811",,,,,
"73-3/8""-GD-J6-7812",,,,,
"73-3/8""-GD-J6-7813",,,,,
"73-3/8""-GD-J6-7814",,,,,
"73-3/8""-GD-J6-7815",,,,,
"73-3/8""-GD-J6-7816",,,,,
"73-3/8""-GD-J6-7817",,,,,
"73-3/8""-GD-J1-7818",,,,,
"73-3/8""-GD-J6-7819",,,,,
"73-3/8""-GD-J6-7820",,,,,
"73-3/8""-GD-J6-7821",,,,,
"73-3/8""-GD-J6-7822",,,,,
"73-3/8""-GD-J6-7823",,,,,
"73-3/8""-GD-J6-7824",,,,,
"73-3/8""-GD-J6-7827",,,,,
"73-3/8""-GD-J6-7828",,,,,
"91-1 1/2""-VA-G1A-1000",,,,,
"91-1 1/2""-VA-G1A-1605",,,,,
"91-1""-VA-G1-1559",,,,,
"91-1""-VA-G1-7550",,,,,
"91-1""-VA-G1-7552",,,,,
"91-1""-VA-G1-7560",,,,,
"91-1""-VA-G1-7562",,,,,
"91-1""-VA-G1A-7551",,,,,
"91-1""-VA-G1A-7561",,,,,
"91-10""-VA-G1A-1010",,,,,
"91-10""-VA-G1A-1011",,,,,
"91-10""-VA-G1A-1012",,,,,
"91-10""-VA-G1A-1014",,,,,
"91-10""-VA-G1A-1020",,,,,
"91-10""-VA-G1A-1021",,,,,
"91-10""-VA-G1A-1022",,,,,
"91-10""-VA-G1A-1024",,,,,
"91-10""-VA-G1A-7010",,,,,
"91-1-1/2""-VA-G1-5556",,,,,
"91-12""-VA-G1-7550",,,,,
"91-12""-VA-G1-7551",,,,,
"91-12""-VA-G1A-1013",,,,,
"91-12""-VA-G1A-1015",,,,,
"91-12""-VA-G1A-1023",,,,,
"91-12""-VA-G1A-1025",,,,,
"91-12""-VA-G1A-7549",,,,,
"91-2""-VA-G1-7502",,,,,
"91-2""-VA-G1-7503",,,,,
"91-3""-VA-G1A-7400",,,,,
"91-3""-VA-G1A-7401",,,,,
"91-3""-VA-G1A-7402",,,,,
"91-3""-VA-G1A-7405",,,,,
"91-3""-VA-G1A-7406",,,,,
"91-3""-VA-G1A-7407",,,,,
"91-3""-VA-G1A-7408",,,,,
"91-3""-VA-G1A-7409",,,,,
"91-3""-VA-G1A-7410",,,,,
"91-3""-VA-G1A-7411",,,,,
"91-3""-VA-G1A-7412",,,,,
"91-3""-VA-G1A-7413",,,,,
"91-3""-VA-G1A-7414",,,,,
"91-3""-VA-G1A-7415",,,,,
"91-3""-VA-G1A-7416",,,,,
"91-3""-VA-G1A-7417",,,,,
"91-3""-VA-G1A-7418",,,,,
"91-3""-VA-G1A-7419",,,,,
"91-4""-VA-G1-7001",,,,,
"91-4""-VA-G1-7002",,,,,
"91-4""-VA-G1-7003",,,,,
"91-4""-VA-G1A-7500",,,,,
"91-4""-VA-G1A-7501",,,,,
"91-6""-VA-G1A-7000",,,,,
"91-8""-VA-G1-7011",,,,,
"91-8""-VA-G1-7012",,,,,
"91-8""-VA-G1-7013",,,,,
"97-3""-WCH-G2-7001-CP",,,,,
"97-3""-WCH-G2-7002-CP",,,,,
"97-3""-WCH-G2-7003-CP",,,,,
"97-3""-WCH-G2-7004-CP",,,,,
"97-3""-WCH-G2-7035-CP",,,,,
"98-1 1/2""-WS-G14-7300",,,,,
"98-1-1/2""-WS-G9-5511",,,,,
"98-2""-WS-G14-7000-FP",,,,,
"98-2""-WS-G14-7001-FP",,,,,
"98-2""-WS-G14-7002-FP",,,,,
"98-2""-WS-G14-7003-FP",,,,,
"98-2""-WS-G14-7004-FP",,,,,
"98-2""-WS-G14-7005-FP",,,,,
"98-2""-WS-G14-7006-FP",,,,,
"98-3""-WS-G1-5508",,,,,
"35-2""-FW-AG70-9901-HT",,,,,
"44-2""-DO-G1-7586",,,,,
"44-2""-DO-G1-7587",,,,,
"51-24""-WS-G11-5510",,,,,
"53-1.1/2""-WFR-G1-5596",,,,,
"55‐3/4""‐ST‐G8‐1098‐HC",,,,,
"33-8""-WPS-G2-7576",,,,,
"55‐5""‐ST‐G8‐1190‐PP",,,,,
"55‐6""‐ST‐G8‐1192‐PP",,,,,
"56-2""-DO-G1-5567",,,,,
"56-2""-DO-G1-5601",,,,,
"56-2""-DO-G1-5604",,,,,
"56-4""-DO-G1-7710-FP",,,,,
"56-6""-DO-G1-7558-HT",,,,,
"56-6""-DO-G2-7557",,,,,
"56-6""-DO-G2-7565",,,,,
"62-2""-OF-G2-5503",,,,,
"67-1""-AI-G15-7588",,,,,
"67-1""-AI-G15-7699",,,,,
"67‐1.1/2""‐AI‐G1‐5597",,,,,
"67‐3""‐AI‐G1‐5514",,,,,
"67‐3""‐AI‐G1‐5516",,,,,
"71-10""-WF-G1-5564-FP",,,,,
"71-2.1/2""-WF-G1-7686-HT",,,,,
"71-6""-WF-G13-7575",,,,,
"71-8""-WF-G1-1031",,,,,
"91-1""-VA-G1-7568",,,,,
"91-2""-VA-G1-7567",,,,,
"67‐3""‐AI‐G1‐7014",,,,,
"67‐3""‐AI‐G1‐7015",,,,,
"67‐3""‐AI‐G1‐7016",,,,,
"44‐3""‐BS‐G4‐7858",,,,,
"44‐4""‐BS‐G2‐7025",,,,,
"55‐10""‐ST‐H2‐1096‐HC",,,,,
"57-6""-DC-G7-7556 ",,,,,
"62-1""-OF-G2-7310",,,,,
"71-4""-WF-G1-5515",,,,,
"71-6""-WF-G1-5575",,,,,
"71-6""-WF-G1-5577",,,,,
"71‐6""‐WF‐G1‐5583",,,,,
"71‐4""‐WF‐G1‐7672",,,,,
"97‐3""‐WCH‐G2‐7001‐CP ",,,,,
"97‐3""‐WCH‐G2‐7002‐CP ",,,,,
"97‐3""‐WCH‐G2‐7003‐CP",,,,,
"97‐3""‐WCH‐G2‐7004‐CP",,,,,
"97‐3""‐WCH‐G2‐7035‐CP",,,,,
"97‐6""‐WCH‐G2‐7101‐CP",,,,,
"97‐6""‐WCH‐G2‐7102‐CP",,,,,
"97‐6""‐WCH‐G2‐7103‐CP",,,,,
"97‐8""‐WCH‐G2‐5505‐CP",,,,,
"97‐8""‐WCH‐G2‐5518‐CP",,,,,
"51‐2""‐WS‐G4‐7856",,,,,
"51‐2""‐WS‐G4‐7866",,,,,
"51‐6""‐WS‐G3‐7559",,,,,
"51‐6""‐WS‐G4‐7559",,,,,
"98‐2""‐WS‐G14‐7001‐FP",,,,,
"98‐2""‐WS‐G14‐7002‐FP",,,,,
"98‐2""‐WS‐G14‐7003‐FP",,,,,
"98‐2""‐WS‐G14‐7004‐FP",,,,,
"98‐2""‐WS‐G14‐7005‐FP",,,,,
"98‐2""‐WS‐G14‐7006‐FP",,,,,
"71‐2""‐WF‐G16‐7587",,,,,
"71‐24""‐WF‐G16‐7586",,,,,
"71‐24""‐WF‐G4‐1090",,,,,
"56-3""-DO-G1-1037",,,,,
53-24”-WFR-G2-1022,,,,,
53-24”-WFR-G2-1023,,,,,
"55-16""-ST-H2-7136-HC",,,,,
"91-1/2""-VA-G2-7744",,,,,
"69-2""-OL-G2-1002",,,,,
"55-1""-ST-G2-1035-PP",,,,,
"56-3""-DO-G1-7552",,,,,
"62-1""-OF-G2-5580",,,,,
"62-1""-OF-G2-5581",,,,,
"33-2""-WPS-AD20-7703",,,,,
"33-1/2""-WPS-AD20-7339-HT",,,,,
"23-4""-PL-AD20-2741",,,,,
"35-4""-GLY-AD20-7016",,,,,
"63-3/4""-AP-G1-1046",,,,,
"67-1/2""-AI-J1-7585",,,,,
"51-2""-WS-G13-7107",,,,,
"98-2""-WS-G14-7312",,,,,
"98-2""-WS-G14-7341",,,,,
"98-2""-WS-G14-7200",,,,,
"98-2""-WS-G14-7112",,,,,
"63-3/4""-AP-G1-7565",,,,,
"35-6""-RG-AD20-9035-HC",,,,,
"44-20""-CD-G1-5501",,,,,
"44-4""-BS-G1-7103",,,,,
"63-3/4""-AP-G1-7333",,,,,
"51-2""-WS-G13-7440",,,,,
"51-26""-WS-G16-7104",,,,,
"51-26""-WS-G16-7103",,,,,
"51-1/2""-WS-G13-7215",,,,,
"51-36""-WS-G16-7108",,,,,
"51-20""-WS-G16-7116",,,,,
"51-20""-WS-G16-7216",,,,,
"51-20""-WS-G16-7120",,,,,
"51-20""-WS-G16-7122",,,,,
"51-12""-WS-G16-7119",,,,,
"51-12""-WS-G3-1019",,,,,
"51-26""-WS-G16-7102",,,,,
"51-20""-WS-G16-7117",,,,,
"51-20""-WS-G16-7217",,,,,
"51-20""-WS-G16-7121",,,,,
"51-20""-WS-G16-7123",,,,,
"51-16""-WS-G16-7118",,,,,
"51-26""-WS-G16-7110",,,,,
"51-48""-WS-G16-7027",,,,,
"51-48""-WS-G16-7126",,,,,
"55-1 1/2""-WS-K2-1012",,,,,
"98-1 1/2""-WS-G14-7115",,,,,
"98-1 1/2""-WS-G14-7114",,,,,
"51-48""-WS-G16-7128",,,,,
"98-1 1/2""-WS-G14-7109",,,,,
"55-1 1/2""-WS-K2-1013",,,,,
"51-26""-WS-G16-7100",,,,,
"51-26""-WS-G16-7101",,,,,
"51-26""-WS-G16-7113",,,,,
"51-26""-WS-G16-7112",,,,,
"51-2""-WS-G16-7603",,,,,
"51-40""-WS-G16-7300",,,,,
"98-2""-WS-G16-7530",,,,,
"51-40""-WS-G2-7531",,,,,
"53-1/2""-WFR-G2-1077",,,,,
"51-4""-WS-G13-7130",,,,,
"51-4""-WS-G13-7197",,,,,
"51-4""-WS-G13-7132",,,,,
"51-4""-WS-G13-7133",,,,,
"51-4""-WS-G13-7141",,,,,
"51-4""-WS-G13-7198",,,,,
"51-4""-WS-G13-7143",,,,,
"51-4""-WS-G13-7144",,,,,
"51-3""-WS-G13-7134",,,,,
"51-3""-WS-G13-7135",,,,,
"51-26""-WS-G16-7138",,,,,
"51-6""-WS-G13-7131",,,,,
"51-4""-WS-G13-7137",,,,,
"51-4""-WS-G13-7136",,,,,
"51-3""-WS-G13-7145",,,,,
"51-3""-WS-G13-7146",,,,,
"51-6""-WS-G13-7142",,,,,
"51-4""-WS-G13-7148",,,,,
"51-4""-WS-G13-7147",,,,,
"51-26""-WS-G16-7140",,,,,
"51-1""-CI-G15-7183",,,,,
"51-26""-WS-G16-7151",,,,,
"51-4""-WS-G13-7158",,,,,
"51-4""-WS-G13-7159",,,,,
"51-6""-WS-G13-7153",,,,,
"51-3""-WS-G13-7157",,,,,
"51-3""-WS-G13-7156",,,,,
"51-4""-WS-G13-7155",,,,,
"51-4""-WS-G13-7154",,,,,
"51-4""-WS-G13-7199",,,,,
"51-4""-WS-G13-7152",,,,,
"51-18""-WS-G16-7153",,,,,
"51-18""-WS-G16-7005",,,,,
"51-18""-WS-G16-7254",,,,,
"51-18""-WS-G16-7154",,,,,
"51-18""-WS-G16-7155",,,,,
"51-18""-WS-G16-7156",,,,,
"51-18""-WS-G16-7157",,,,,
"51-26""-WS-G16-7158",,,,,
"51-26""-WS-G16-7604",,,,,
"91-2""-VA-G16-7558",,,,,
"51-18""-WS-G16-7106",,,,,
"91-1/2""-VA-G5-7687",,,,,
"51-2""-WS-G13-7441",,,,,
"33-4""-WPS-AD20-7338",,,,,
"55-4""-SC-G1-1043-HC",,,,,
"53-5""-WFR-G2-7799",,,,,
"51-34""-WS-G16-7150",,,,,
"69-2""-OL-G2-1005",,,,,
"44-3""-BS-G1-1006",,,,,
"44-3""-BS-G1-1000",,,,,
"44-3""-BS-G1-1004",,,,,
"44-3""-BS-G1-1002",,,,,
"44-3""-BS-G1-1005",,,,,
"44-3""-BS-G1-1001",,,,,
"44-3""-BS-G1-1007",,,,,
"63-3/4""-AP-G1-7566",,,,,
"63-1""-AP-G1-1033",,,,,
"53-1""-WFR-G2-7085",,,,,
"53-1""-WFR-G2-7331",,,,,
"53-24""-WFR-G2-7024",,,,,
"53-12""-WFR-G2-7026",,,,,
"53-12""-WFR-G2-7028",,,,,
"53-12""-WFR-G2-7027",,,,,
"53-12""-WFR-G2-7029",,,,,
"53-18""-WFR-G2-7030",,,,,
"53-24""-WFR-G2-1022",,,,,
"53-12""-WFR-G2-7033",,,,,
"53-18""-WFR-G2-7036",,,,,
"53-12""-WFR-G2-7035",,,,,
"53-12""-WFR-G2-7032",,,,,
"53-18""-WFR-G2-1039",,,,,
"53-18""-WFR-G2-1041",,,,,
"53-18""-WFR-G2-1043",,,,,
"53-20""-WFR-G2-1040",,,,,
"53-20""-WFR-G2-1042",,,,,
"53-20""-WFR-G2-7797",,,,,
"53-26""-WFR-G2-7798",,,,,
"53-24""-WFR-G2-7038",,,,,
"56-4""-DO-G1-7566",,,,,
"53-18""-WFR-G2-7031",,,,,
"53-12""-WFR-G2-7034",,,,,
"53-18""-WFR-G2-7040",,,,,
"63-3/4""-AP-G1-1045",,,,,
"63-3/4""-AP-G1-1041",,,,,
"63-3/4""-AP-G1-1040",,,,,
"63-3/4""-AP-G1-1044",,,,,
"63-3/4""-AP-G1-1039",,,,,
"63-3/4""-AP-G1-1043",,,,,
"63-3/4""-AP-G1-1038",,,,,
"63-3/4""-AP-G1-1042",,,,,
"63-3/4""-AP-G1-1037",,,,,
"65-1/2""-OH-J2-7101",,,,,
"65-1/2""-OH-J2-7102",,,,,
"65-1/2""-OH-J2-7103",,,,,
"65-1/2""-OH-J2-7104",,,,,
"65-1/2""-OH-J2-7105",,,,,
"65-1/2""-OH-J2-7106",,,,,
"65-1/2""-OH-J2-7107",,,,,
"65-1/2""-OH-J2-7108",,,,,
"65-1/2""-OH-J2-7202",,,,,
"65-1/2""-OH-J2-7203",,,,,
"65-1/2""-OH-J2-7204",,,,,
"65-1/2""-OH-J2-7205",,,,,
"65-1/2""-OH-J2-7206",,,,,
"65-1/2""-OH-J2-7207",,,,,
"65-1/2""-OH-J2-7208",,,,,
"65-1/2""-OH-J2-7209",,,,,
"65-1/2""-OH-J2-7587",,,,,
"65-1/2""-OH-J2-7588",,,,,
"91-6""-VA-G1A-5547",,,,,
"55-1 1/2""-WFE-G2-5601",,,,,
"55-2""-WFE-G2-5586",,,,,
"55-2""-WFE-G2-5587",,,,,
"55-1 1/2""-WFE-G2-5607",,,,,
"53-1""-WFR-G6-5740",,,,,
"53-4""-WFR-G2-5576",,,,,
"55-5""-WFE-G2-5506-PP",,,,,
"53-4""-WFR-G2-5575",,,,,
"53-1""-WFR-G6-5737",,,,,
"55-5""-WFE-G2-5520-PP",,,,,
"55-1""-WFE-G2-5517-PP",,,,,
"55-8""-WFE-G2-5516-HC",,,,,
"55-4""-WFE-G2-5519-PP",,,,,
"91-6""-VA-G1A-5548",,,,,
"55-2""-WFE-G2-5513",,,,,
"55-2""-WFE-G2-5514",,,,,
"55-1 1/2""-WFE-G2-5602",,,,,
"55-1 1/2""-WFE-G2-5608",,,,,
"44-1 1/2""-BS-G1-5538",,,,,
"44-1 1/2""-BS-G1-5536",,,,,
"55-3""-WFE-G2-7036-HC",,,,,
"55-1 1/2""-WFE-H1-5599-HC",,,,,
"5-8""-WFE-G2-5505-HC",,,,,
"55-6""-WFE-G2-5595-HC",,,,,
"56-2 1/2""-WFE-G2-5527",,,,,
"55-2""-WFE-G2-7023-HC",,,,,
"55-2""-WFE-G2-7024-HC",,,,,
"56-1/2""-DO-J1-7025",,,,,
"55-5""-WFE-G2-5507-HC",,,,,
"55-5""-WFE-G2-5603-HC",,,,,
"55-5""-WFE-G2-7027-HC",,,,,
"53-3/4""-WFR-G2-1109",,,,,
"53-3/4""-WFR-G2-1108",,,,,
"53-3/4""-WFR-G2-1107",,,,,
"53-3/4""-WFR-G2-1104",,,,,
"53-3/4""-WFR-G2-1103",,,,,
"53-3/4""-WFR-G2-1102",,,,,
"53-3/4""-WFR-G2-1106",,,,,
"53-3/4""-WFR-G2-1105",,,,,
"53-3/4""-WFR-G2-1101",,,,,
"53-3/4""-WFR-G2-1100",,,,,
"56-1 1/4""-DO-G1-5773",,,,,
"98-1 1/2""-WS-G9-5512",,,,,
"98-3""-WS-G1-5506",,,,,
"63-2""-AP-G1-5545",,,,,
"51-24""-WS-G2-5561",,,,,
"56-2""-DO-G1-5609",,,,,
"91-1 1/2""-VA-G1-5558",,,,,
"51-3""-WS-G9-5569",,,,,
"71-5""-WF-G1-5511",,,,,
"51-14""-WS-G3-5501",,,,,
"51-2""-WS-G3-5518",,,,,
"51-14""-WS-G3-5521",,,,,
"51-16""-WS-G3-5520",,,,,
"51-16""-WS-G3-5519",,,,,
"51-16""-WS-G3-5509",,,,,
"91-1 1/2""-VA-G1-5557",,,,,
"56-2""-DO-G1-5608",,,,,
"51-24""-WS-G2-5562",,,,,
"63-2""-AP-G1-5546",,,,,
"98-3""-WS-G1-5507",,,,,
"98-1 1/2""-WS-G9-5513",,,,,
"51-6""-WS-G3-5511",,,,,
"51-8""-WS-G3-7764",,,,,
"51-8""-WS-G3-7818",,,,,
"51-6""-WS-G3-7834",,,,,
"51-8""-WS-G3-7765",,,,,
"51-6""-WS-G3-7835",,,,,
"51-8""-WS-G3-7686",,,,,
"51-10""-WS-G3-7828",,,,,
"56-6""-DO-G2-7807",,,,,
"56-6""-DO-G1-7808-FP",,,,,
"44-3""-BS-G1-7101",,,,,
"56-4""-DO-G2-7560",,,,,
"56-4""-DO-G1-7684-FP",,,,,
"53-6""-WFR-G2-7857",,,,,
"53-6""-WFR-G2-7858",,,,,
"68-1/2""-NG-J1-7000",,,,,
"71-8""-WF-G1-7222",,,,,
"71-3""-WF-G13-7205",,,,,
"71-2 1/2""-WF-G1-7711-HT",,,,,
"71-3""-WF-G13-7206",,,,,
"71-4""-WF-G1-1056-FP",,,,,
"71-2 1/2""-WF-G1-7712-HT",,,,,
"71-2 1/2""-WF-G1-7713-HT",,,,,
"71-2 1/2""-WF-G1-7714-HT",,,,,
"71-2 1/2""-WF-G1-7715-HT",,,,,
"62-3/4""-OF-G2-7837",,,,,
"52-4""-WB-G2-5518",,,,,
"52-2""-WB-G1-5519",,,,,
"91-1""-VA-G1-5620",,,,,
"91-1""-VA-G1A-5621",,,,,
"52-4""-WB-G2-5520",,,,,
"52-4""-WB-G2-5521",,,,,
"71-4""-WF-G1-7398",,,,,
"71-2 1/2""-WF-G1-1563",,,,,
"71-2 1/2""-WF-G1-1564",,,,,
"71-4""-WF-G1-7577",,,,,
"71-4""-WF-G1-7578",,,,,
"71-4""-WF-G1-7579",,,,,
"71-4""-WF-G1-7580",,,,,
"53-3/4""-WFR-G2-7561-HT",,,,,
"53-2""-WFR-G2-7701-HT",,,,,
"53-2""-WFR-G2-1060-HT",,,,,
"62-2""-OF-H1-5587",,,,,
"67-1""-AI-G15-7697",,,,,
"67-1""-AI-G15-7014",,,,,
"67-2""-AI-G15-7700",,,,,
"67-1""-AI-G15-7759",,,,,
"67-1""-AI-G15-7760",,,,,
"68-2""-NG-G2-7018",,,,,
"98-2""-WS-G14-7770-FP",,,,,
"56-1 1/2""-DO-G2-7751",,,,,
"64-12""-IG-G4-7699",,,,,
"64-14""-IG-G4-7704",,,,,
"68-4""-NG-G2-7022",,,,,
"64-12""-IG-G4-7706",,,,,
"64-12""-IG-G4-7700",,,,,
"68-6""-NG-G2-7576",,,,,
"64-12""-IG-G4-7707",,,,,
"64-12""-IG-G4-7708",,,,,
"68-4""-NG-G2-7020",,,,,
"68-4""-NG-G2-7542",,,,,
"64-14""-IG-G4-7019",,,,,
"64-12""-IG-G4-7709",,,,,
"68-4""-NG-G2-7543",,,,,
"68-6""-NG-G2-7578",,,,,
"68-6""-NG-G2-7021",,,,,
"53-2""-WFR-G2-5706",,,,,
"53-2""-WFR-G2-5707",,,,,
"53-2""-WFR-G2-5705",,,,,
"53-2""-WFR-G2-5704",,,,,
"53-12""-WFR-G2-5528",,,,,
"53-12""-WFR-G2-5559",,,,,
"53-2""-WFR-G2-5734",,,,,
"53-2""-WFR-G2-5724",,,,,
"53-2""-WFR-G2-5723",,,,,
"53-2""-WFR-G2-5733",,,,,
"53-4""-WFR-G2-5530",,,,,
"53-2""-WFR-G2-5638",,,,,
"53-4""-WFR-G2-5531",,,,,
"53-3""-WFR-G2-5505",,,,,
"53-3""-WFR-G2-5511",,,,,
"53-8""-WFR-G2-5560",,,,,
"53-8""-WFR-G2-5561",,,,,
"53-14""-WFR-G2-5527",,,,,
"53-14""-WFR-G2-5515",,,,,
"53-4""-WFR-G2-5532",,,,,
"53-2""-WFR-G2-5640",,,,,
"53-4""-WFR-G2-5533",,,,,
"53-4""-WFR-G2-5534",,,,,
"53-2""-WFR-G2-5642",,,,,
"53-4""-WFR-G2-5535",,,,,
"53-6""-WFR-G2-5570",,,,,
"53-6""-WFR-G2-5571",,,,,
"53-6""-WFR-G2-5543",,,,,
"53-2""-WFR-G2-5696",,,,,
"53-2""-WFR-G2-5548",,,,,
"53-8""-WFR-G2-5697",,,,,
"53-8""-WFR-G2-5698",,,,,
"53-6""-WFR-G2-5542",,,,,
"53-6""-WFR-G2-5544",,,,,
"53-3""-WFR-G2-5735",,,,,
"53-1 1/2""-WFR-G2-5711",,,,,
"53-1 1/2""-WFR-G2-5710",,,,,
"53-2""-WFR-G2-5725",,,,,
"53-3""-WFR-G2-5736",,,,,
"53-6""-WFR-G2-5545",,,,,
"65-2""-OH-G2-5522",,,,,
"65-3""-OH-G2-5523",,,,,
"65-1 1/2""-OH-G2-5527",,,,,
"56-1 1/2""-DO-G1-5613",,,,,
"65-2""-OH-G2-5537",,,,,
"65-3""-OH-G2-5529",,,,,
"65-2""-OH-G2-5530",,,,,
"65-3""-OH-G2-5528",,,,,
"65-1 1/2""-OH-G2-5532",,,,,
"56-1 1/2""-DO-G1-5614",,,,,
"65-2""-OH-G2-5533",,,,,
"71-2 1/2""-WF-G1-5578",,,,,
"71-10""-WF-G1-5572",,,,,
"71-3""-WF-G1-5586",,,,,
"71-3""-WF-G1-5585",,,,,
"71-3""-WF-G1-5584",,,,,
"71-6""-WF-G1-5571-FP",,,,,
"71-2 1/2""-WF-G1-5579-HT",,,,,
"1-2 1/2""-WF-G1-5580-HT",,,,,
"71-2 1/2""-WF-G1-5581-HT",,,,,
"71-4""-WF-G1-1500-FP",,,,,
"71-2 1/2""-WF-G1-7826-HT",,,,,
"71-2 1/2""-WF-G1-1501-HT",,,,,
"71-2 1/2""-WF-G1-1502-HT",,,,,
"71-2 1/2""-WF-G1-1503-HT",,,,,
"71-2 1/2""-WF-G1-1504-HT",,,,,
"71-2 1/2""-WF-G1-1505-HT",,,,,
"71-2 1/2""-WF-G1-1506-HT",,,,,
"71-2 1/2""-WF-G1-1507-HT",,,,,
"71-2 1/2""-WF-G1-1508-HT",,,,,
"51-3""-WS-G11-5546",,,,,
"51-4""-WS-G2-5560",,,,,
"56-2""-DO-G1-5503",,,,,
"53-1 1/2""-WFR-G1-5636",,,,,
"56-2""-DO-G1-5576",,,,,
"56-2""-DO-G1-5578",,,,,
"56-2""-DO-G1-5548",,,,,
"56-1 1/2""-DO-G1-5572",,,,,
"56-2""-DO-G1-5750",,,,,
"56-3""-DO-G1-5590",,,,,
"53-1 1/2""-WFR-G1-5708",,,,,
"44-1""-BS-G1-5558",,,,,
"44-2""-BS-G1-5509",,,,,
"44-2""-BS-G1-5511",,,,,
"44-10""-BS-G1-5540",,,,,
"44-6""-BS-G1-5501",,,,,
"44-2""-BS-G1-5505",,,,,
"44-2""-BS-G1-5541",,,,,
"44-2""-BS-G1-5519",,,,,
"54-1 1/2""-WFR-G1-5501",,,,,
"53-1 1/2""-WFR-G1-5582",,,,,
"44-2""-BS-G1-5504",,,,,
"53-1""-WFR-G1-5727",,,,,
"44-1 1/2""-BS-G1-5563",,,,,
"44-2""-BS-G1-5559",,,,,
"44-2""-BS-G1-5508",,,,,
"44-2""-BS-G1-5543",,,,,
"44-2""-BS-G1-5544",,,,,
"91-4""-VA-G1-5503",,,,,
"91-4""-VA-G1A-5538",,,,,
"91-2""-VA-G1-5504",,,,,
"44-2""-BS-G1-5550",,,,,
"56-2""-DO-G1-5502",,,,,
"44-10""-BS-G1-5512",,,,,
"44-6""-BS-G1-5503",,,,,
"44-2""-BS-G1-5507",,,,,
"56-2""-DO-G1-5501",,,,,
"44-10""-BS-G1-5513",,,,,
"44-6""-BS-G1-5502",,,,,
"44-10""-BS-G1-5514",,,,,
"53-1/2""-WFR-G1-5709",,,,,
"44-1/2""-BS-G1-5557",,,,,
"44-1/2""-BS-G1-5556",,,,,
"44-3/4""-BS-G1-5562",,,,,
"44-1/2""-BS-G1-5553",,,,,
"44-1 1/2""-BS-G1-5552",,,,,
"44-1 1/2""-BS-G1-5555",,,,,
"44-2""-BS-G1-5515",,,,,
"44-1 1/2""-BS-G1-5516",,,,,
"63-1""-AP-G1-5544",,,,,
"44-2""-BS-G1-5561-HT",,,,,
"91-3""-VA-G1A-5588",,,,,
"68-2""-NG-G2-5502",,,,,
"91-3""-VA-G1A-5587",,,,,
"44-2""-BS-G1-5561",,,,,
"44-2""-BS-G1-7002",,,,,
"91-3""-VA-G1-5599",,,,,
"91-3""-VA-G1A-5537",,,,,
"91-3""-VA-G1-5501",,,,,
"91-2""-VA-G1-5502",,,,,
"44-2""-BS-G1-5549",,,,,
"44-2""-BS-G1-5545",,,,,
"91-3""-VA-G1-5539",,,,,
"91-2""-VA-G1-5543",,,,,
"91-3""-VA-G1A-5540",,,,,
"91-3""-VA-G1-5541",,,,,
"91-3""-VA-G1A-5542",,,,,
"91-3""-VA-G1A-5608",,,,,
"56-2""-DO-G1-5509",,,,,
"56-2""-DO-G1-5508",,,,,
"91-3""-VA-G1-5505",,,,,
"44-2""-BS-G1-5529",,,,,
"44-2""-BS-G1-5530",,,,,
"44-3""-BS-G1-5548",,,,,
"91-2""-VA-G1-5506",,,,,
"44-2""-BS-G1-5521",,,,,
"44-2""-BS-G1-5522",,,,,
"56-3""-DO-G1-5507",,,,,
"91-4""-VA-G1-5507",,,,,
"91-4""-VA-G1A-5544",,,,,
"44-2""-BS-G1-5533",,,,,
"44-2""-BS-G1-5534",,,,,
"91-2""-VA-G1-5508",,,,,
"44-3""-BS-G1-5532",,,,,
"44-2""-BS-G1-5525",,,,,
"44-2""-BS-G1-5523",,,,,
"44-1 1/2""-BS-G1-5564",,,,,
"53-1""-WFR-G1-5728",,,,,
"44-2""-BS-G1-5524",,,,,
"44-2""-BS-G1-5526",,,,,
"44-2""-BS-G1-5528-HT",,,,,
"44-2""-BS-G1-5527-HT",,,,,
"66-2""-DS-G1-5501",,,,,
"51-10""-WS-G3-5567",,,,,
"51-6""-WS-G3-5547",,,,,
"51-10""-WS-G3-5534",,,,,
"44-10""-BS-G1-5546",,,,,
"71-4""-WF-G1-5592",,,,,
"53-6""-WFR-G1-5573",,,,,
"51-10""-WS-G3-5532",,,,,
"53-6""-WFR-G1-5581",,,,,
"51-10""-WS-G3-5530",,,,,
"71-6""-WF-G1-5590",,,,,
"51-10""-WS-G3-5529",,,,,
"71-6""-WF-G1-5589",,,,,
"71-4""-WF-G1-5591",,,,,
"51-10""-WS-G3-5531",,,,,
"51-10""-WS-G2-5564",,,,,
"56-1 1/4""-DO-G1-5772",,,,,
"56-1 1/4""-DO-G1-5771",,,,,
"67-1/2""-AI-G1-5748",,,,,
"98-1 1/2""-WS-G9-5511",,,,,
"98-1 1/2""-WS-G9-5510",,,,,
"53-1""-WFR-G1-5514",,,,,
"53-2""-WFR-G2-5521",,,,,
"53-2""-WFR-G2-5520",,,,,
"53-2""-WFR-G2-5744",,,,,
"53-2""-WFR-G2-5745",,,,,
"53-1""-WFR-G2-5699",,,,,
"53-3""-WFR-G2-5519",,,,,
"53-14""-WFR-G2-5517",,,,,
"53-14""-WFR-G2-5516",,,,,
"53-14""-WFR-G2-5518",,,,,
"51-8""-WS-G3-5503",,,,,
"53-14""-WFR-G2-5524",,,,,
"51-8""-WS-G3-5506",,,,,
"51-14""-WS-G3-5502",,,,,
"53-14""-WFR-G2-5523",,,,,
"51-8""-WS-G3-5554",,,,,
"51-8""-WS-G3-5504",,,,,
"53-14""-WFR-G2-5526",,,,,
"53-14""-WFR-G2-5525",,,,,
"51-14""-WS-G3-5505",,,,,
"51-14""-WS-G3-5508",,,,,
"51-14""-WS-G2-5565",,,,,
"51-14""-WS-G3-5507",,,,,
"54-4""-WFR-G1-7020",,,,,
"53-4""-WFR-G1-5721",,,,,
"53-3""-WFR-G1-5714",,,,,
"54-1 1/2""-WP-G5-5518",,,,,
"53-3""-WFR-G1-5687",,,,,
"91-5""-VA-G1A-5590",,,,,
"91-5""-VA-G1A-5592",,,,,
"91-5""-VA-G1-5589",,,,,
"91-5""-VA-G1-5591",,,,,
"53-2""-WFR-G1-5632",,,,,
"53-2""-WFR-G1-5633",,,,,
"53-2""-WFR-G1-5635",,,,,
"53-1 1/2""-WFR-G1-5634",,,,,
"53-2""-WFR-G1-5691",,,,,
"3-1 1/2""-WFR-G1-5729",,,,,
"53-1 1/2""-WFR-G1-5730",,,,,
"67-1/2""-AI-G1-5599",,,,,
"53-2""-WFR-G1-5595",,,,,
"54-3""-WP-G5-5751",,,,,
"53-3/4""-WFR-G1-5685-HT",,,,,
"53-3/4""-WFR-G1-5662-HT",,,,,
"53-3/4""-WFR-G1-5703",,,,,
"53-3/4""-WFR-G1-5660",,,,,
"53-1 1/2""-WFR-G1-5613-HT",,,,,
"53-3/4""-WFR-G1-5658",,,,,
"53-3/4""-WFR-G1-5659",,,,,
"53-1""-WFR-G1-5684",,,,,
"53-3/4""-WFR-G1-5657",,,,,
"53-1 1/2""-WFR-G1-5598",,,,,
"53-3/4""-WFR-G1-5663",,,,,
"53-1""-WFR-G1-5579",,,,,
"53-3/4""-WFR-G1-5664",,,,,
"53-1""-WFR-G1-5743",,,,,
"53-3/4""-WFR-G1-5666",,,,,
"53-3/4""-WFR-G1-5665",,,,,
"53-3/4""-WFR-G1-5667",,,,,
"53-3/4""-WFR-G1-5668-HT",,,,,
"53-2""-WFR-G1-5612-HT",,,,,
"53-3/4""-WFR-G1-5669-HT",,,,,
"53-3/4""-WFR-G1-5677-HT",,,,,
"53-3/4""-WFR-G1-5676-HT",,,,,
"53-3/4""-WFR-G1-5675-HT",,,,,
"53-3/4""-WFR-G1-5674-HT",,,,,
"53-3/4""-WFR-G1-5673-HT",,,,,
"53-3/4""-WFR-G1-5672-HT",,,,,
"53-3/4""-WFR-G1-5671-HT",,,,,
"53-3/4""-WFR-G1-5670-HT",,,,,
"53-1 1/2""-WFR-G1-5596-HT",,,,,
"53-1 1/2""-WFR-G1-5613",,,,,
"53-3/4""-WFR-G1-5678-HT",,,,,
"53-3/4""-WFR-G1-5679-HT",,,,,
"53-3/4""-WFR-G1-5680-HT",,,,,
"53-3/4""-WFR-G1-5681-HT",,,,,
"53-3/4""-WFR-G1-5682-HT",,,,,
"53-3/4""-WFR-G1-5683-HT",,,,,
"56-1 1/2""-DO-G1-5514",,,,,
"56-2""-DO-G1-5568",,,,,
"56-1 1/2""-DO-G1-5699",,,,,
"56-1 1/2""-DO-G1-5580",,,,,
"56-1 1/2""-DO-G1-5579",,,,,
"56-2""-DO-G1-5513",,,,,
"56-1 1/2""-DO-G1-5520",,,,,
"56-1 1/2""-DO-G1-5516",,,,,
"56-1 1/2""-DO-G1-5517",,,,,
"56-1 1/2""-DO-G1-5792",,,,,
"56-1 1/2""-DO-G1-5523",,,,,
"56-1 1/2""-DO-G1-5521",,,,,
"56-2""-DO-G1-5541",,,,,
"91-3/4""-VA-G1-5628",,,,,
"91-3/4""-VA-G1-5629",,,,,
"56-1 1/2""-DO-G1-5581",,,,,
"56-1 1/2""-DO-G1-5582",,,,,
"56-1 1/2""-DO-G1-5526",,,,,
"56-1 1/2""-DO-G1-5529",,,,,
"56-1 1/2""-DO-G1-5528",,,,,
"56-1 1/2""-DO-G1-5527",,,,,
"56-1 1/2""-DO-G1-5793",,,,,
"56-1 1/2""-DO-G1-5538",,,,,
"56-2""-DO-G1-5543",,,,,
"56-1 1/2""-DO-G1-5790",,,,,
"56-1 1/2""-DO-G1-5539",,,,,
"56-1 1/2""-DO-G1-5534",,,,,
"56-1 1/2""-DO-G1-5791",,,,,
"56-2""-DO-G1-5542",,,,,
"56-1 1/2""-DO-G1-5537",,,,,
"56-2""-DO-G1-5798",,,,,
"56-1 1/2""-DO-G1-5506",,,,,
"56-1 1/2""-DO-G1-5504",,,,,
"56-1 1/2""-DO-G1-5505",,,,,
"56-1 1/2""-DO-G1-5540",,,,,
"56-2""-DO-G2-7004",,,,,
"56-1 1/2""-DO-G1-5729",,,,,
"56-1 1/2""-DO-G1-5730",,,,,
"56-1 1/2""-DO-G1-5728",,,,,
"56-1 1/2""-DO-G1-5515",,,,,
"56-1 1/2""-DO-G1-5610",,,,,
"91-2""-VA-G1-5552",,,,,
"56-1""-DO-G1-5801",,,,,
"56-1""-DO-G1-5800",,,,,
"56-2""-DO-G1-5784",,,,,
"56-2""-DO-G1-5595",,,,,
"56-2""-DO-G1-5544",,,,,
"56-2""-DO-G1-5556",,,,,
"56-2""-DO-G1-5559",,,,,
"56-2""-DO-G1-5563",,,,,
"56-2""-DO-G1-5600",,,,,
"56-2""-DO-G1-5710",,,,,
"56-2""-DO-G1-5757",,,,,
"56-2""-DO-G1-5785",,,,,
"56-2""-DO-G1-5755",,,,,
"56-2""-DO-G1-5545",,,,,
"56-2""-DO-G1-5588",,,,,
"56-2""-DO-G1-5551",,,,,
"56-2""-DO-G1-5564",,,,,
"56-2""-DO-G1-5605",,,,,
"91-3""-VA-G1A-5597",,,,,
"91-3""-VA-G1A-5598",,,,,
"91-2""-VA-G1-5554",,,,,
"56-1""-DO-G1-5745",,,,,
"66-2""-DS-G1-5692",,,,,
"56-2""-DO-G1-5731",,,,,
"56-2""-DO-G1-5732",,,,,
"56-2""-DO-G1-5746",,,,,
"56-2""-DO-G1-5606",,,,,
"56-2""-DO-G1-5786",,,,,
"56-2""-DO-G1-5787",,,,,
"56-2""-DO-G1-5783",,,,,
"56-2""-DO-G1-5566",,,,,
"56-2""-DO-G1-5565",,,,,
"56-2""-DO-G1-5789",,,,,
"56-2""-DO-G1-5560",,,,,
"56-2""-DO-G1-5591",,,,,
"56-2""-DO-G1-5557",,,,,
"56-2""-DO-G1-5596",,,,,
"56-2""-DO-G1-5561",,,,,
"56-2""-DO-G1-5761",,,,,
"56-2""-DO-G1-5759",,,,,
"56-2""-DO-G1-5562",,,,,
"56-2""-DO-G1-5555",,,,,
"56-2""-DO-G1-5760",,,,,
"56-2""-DO-G1-5758",,,,,
"56-2""-DO-G1-5554",,,,,
"56-2""-DO-G1-5762",,,,,
"56-2""-DO-G1-5603",,,,,
"56-1""-DO-G1-5766",,,,,
"56-1""-DO-G1-5618",,,,,
"56-1""-DO-G1-5621",,,,,
"56-1""-DO-G1-5624",,,,,
"56-2""-DO-G1-5778",,,,,
"56-2""-DO-G1-5779",,,,,
"56-2""-DO-G1-5599",,,,,
"56-2""-DO-G1-5598",,,,,
"56-2""-DO-G1-5795",,,,,
"56-2""-DO-G1-5597",,,,,
"56-2""-DO-G1-5594",,,,,
"56-2""-DO-G1-5593",,,,,
"56-2""-DO-G1-5592",,,,,
"56-2""-DO-G1-5546",,,,,
"56-2""-DO-G1-5752",,,,,
"56-2""-DO-G1-5753",,,,,
"56-2""-DO-G1-5547",,,,,
"56-1""-DO-G1-5767",,,,,
"56-1 1/2""-DO-G1-5704",,,,,
"56-2""-DO-G1-5602",,,,,
"56-2""-DO-G1-5763",,,,,
"56-2""-DO-G1-5788",,,,,
"56-2""-DO-G1-5711",,,,,
"56-2""-DO-G1-5765",,,,,
"56-2""-DO-G1-5764",,,,,
"91-4""-VA-G1A-5513",,,,,
"62-2""-OF-G2-5501",,,,,
"91-4""-VA-G1-5511",,,,,
"62-2""-OF-G2-7691",,,,,
"62-2""-OF-G2-5609",,,,,
"62-2""-OF-G2-5610",,,,,
"62-3""-OF-G2-5619",,,,,
"62-1 1/2""-OF-G2-5615",,,,,
"62-1""-OF-G2-5525",,,,,
"62-2""-OF-G2-5530",,,,,
"62-3""-OF-G2-5513",,,,,
"62-2""-OF-G2-5578",,,,,
"62-4""-OF-G2-5512",,,,,
"62-3""-OF-G2-5620",,,,,
"62-2""-OF-G2-5504",,,,,
"62-2""-OF-G2-5502",,,,,
"62-2""-OF-G2-5611",,,,,
"62-4""-OF-G2-5507",,,,,
"62-2""-OF-G2-5628",,,,,
"62-2""-OF-G2-5629",,,,,
"62-4""-OF-G2-5508",,,,,
"62-3""-OF-G2-5621",,,,,
"62-4""-OF-G2-5511",,,,,
"91-5""-VA-G1A-5516",,,,,
"62-3""-OF-G2-5517",,,,,
"62-3""-OF-G2-5518",,,,,
"62-2""-OF-G2-5527",,,,,
"62-3""-OF-G2-5523",,,,,
"62-3""-OF-G2-5531",,,,,
"91-2""-VA-G1-5515",,,,,
"62-3""-OF-G2-5618",,,,,
"62-2""-OF-G2-5520",,,,,
"62-3""-OF-G2-5519",,,,,
"62-3""-OF-G2-5625",,,,,
"62-2""-OF-G2-5627",,,,,
"62-3""-OF-G2-5524",,,,,
"62-1""-OF-G2-7690",,,,,
"62-1""-OF-G2-7003",,,,,
"62-3""-OF-G2-5532",,,,,
"62-2""-OF-G2-5579",,,,,
"62-2""-OF-G2-5533",,,,,
"62-3""-OF-G2-5514",,,,,
"62-1""-OF-G2-5526",,,,,
"62-1 1/2""-OF-G2-5616",,,,,
"62-3""-OF-G2-5515",,,,,
"91-4""-VA-G1A-5514",,,,,
"91-4""-VA-G1-5512",,,,,
"62-3""-OF-G2-5516",,,,,
"62-3""-OF-G2-5536",,,,,
"62-3""-OF-G2-5534",,,,,
"62-3""-OF-G2-5535",,,,,
"62-2""-OF-G2-5541",,,,,
"62-2""-OF-G2-5540",,,,,
"62-1""-OF-G2-5542",,,,,
"62-2""-OF-G2-5617",,,,,
"62-3""-OF-G2-5539",,,,,
"62-3""-OF-G2-5626",,,,,
"62-2""-OF-G2-5591",,,,,
"62-2""-OF-G2-5590",,,,,
"62-2""-OF-G2-5589",,,,,
"63-3/4""-AP-G1-5524",,,,,
"63-3/4""-AP-G1-5523",,,,,
"63-3/4""-AP-G1-5522",,,,,
"63-3/4""-AP-G1-5521",,,,,
"63-3/4""-AP-G1-5520",,,,,
"63-3/4""-AP-G1-5514",,,,,
"63-3/4""-AP-G1-5519",,,,,
"63-3/4""-AP-G1-5502",,,,,
"63-3/4""-AP-G1-5518",,,,,
"63-3/4""-AP-G1-5517",,,,,
"63-1""-AP-G1-5552",,,,,
"63-3/4""-AP-G1-5516",,,,,
"63-3/4""-AP-G1-5515",,,,,
"63-2 1/2""-AP-G1-5528",,,,,
"63-3/4""-AP-G1-5508",,,,,
"63-1""-AP-G1-5555",,,,,
"63-3/4""-AP-G1-5507",,,,,
"63-2 1/2""-AP-G1-5511",,,,,
"63-1""-AP-G1-5556",,,,,
"63-3/4""-AP-G1-5513",,,,,
"63-3/4""-AP-G1-5538",,,,,
"63-3/4""-AP-G1-5560",,,,,
"63-3/4""-AP-G1-5536",,,,,
"63-3/4""-AP-G1-5561",,,,,
"63-3/4""-AP-G1-5537",,,,,
"63-1 1/2""-AP-G1-5505",,,,,
"63-1""-AP-G1-5540",,,,,
"63-1""-AP-G1-5551",,,,,
"63-3/4""-AP-G1-5548",,,,,
"63-3/4""-AP-G1-5503",,,,,
"63-2""-AP-G1-5539",,,,,
"63-3/4""-AP-G1-5535",,,,,
"63-3/4""-AP-G1-5534",,,,,
"63-1 1/2""-AP-G1-5506",,,,,
"63-3/4""-AP-G1-5533",,,,,
"63-3/4""-AP-G1-5562",,,,,
"63-3/4""-AP-G1-5532",,,,,
"63-3/4""-AP-G1-5531",,,,,
"63-3/4""-AP-G1-5530",,,,,
"63-3/4""-AP-G1-5529",,,,,
"63-1/2""-AP-G1-5557",,,,,
"66-3""-DS-G1-5535",,,,,
"66-3""-DS-G1-5564",,,,,
"66-6""-DS-G1-5508",,,,,
"66-3""-DS-G1-5506",,,,,
"66-6""-DS-G1-5509",,,,,
"66-4""-DS-G1-5534",,,,,
"66-2""-DS-G1-5503",,,,,
"66-2 1/2""-DS-G1-5688",,,,,
"66-2""-DS-G1-5513",,,,,
"66-2""-DS-G1-5512",,,,,
"66-2 1/2""-DS-G1-5690",,,,,
"66-3/4""-DS-G1-5752",,,,,
"91-1""-VA-G1-5569",,,,,
"91-4""-VA-G1-5568",,,,,
"66-2""-DS-G1-5533",,,,,
"66-2""-DS-G1-5757",,,,,
"66-2""-DS-G1-5519",,,,,
"66-2""-DS-G1-5756",,,,,
"91-8""-VA-G1-5567",,,,,
"91-8""-VA-G1A-5631",,,,,
"66-3""-DS-G1-5504",,,,,
"91-1 1/2""-VA-G1-5619",,,,,
"66-3""-DS-G1-5505",,,,,
"91-6""-VA-G1A-5633",,,,,
"91-1""-VA-G1A-5632",,,,,
"91-6""-VA-G1-5570",,,,,
"91-2 1/2""-VA-G1-5571",,,,,
"66-2 1/2""-DS-G1-5520",,,,,
"91-4""-VA-G1-5572",,,,,
"66-2""-DS-G1-5526",,,,,
"66-2""-DS-G1-5759",,,,,
"66-2""-DS-G1-5758",,,,,
"66-2""-DS-G1-5521",,,,,
"66-2""-DS-G1-5760",,,,,
"66-2""-DS-G1-5761",,,,,
"66-2""-DS-G1-5522",,,,,
"6-2""-DS-G1-5523",,,,,
"66-1 1/2""-DS-G1-5742",,,,,
"66-2""-DS-G1-5524",,,,,
"66-2""-DS-G1-5525",,,,,
"66-2""-DS-G1-5689",,,,,
"53-2""-WFR-G2-5715",,,,,
"53-2""-WFR-G2-5718",,,,,
"53-2""-WFR-G2-5716",,,,,
"67-3""-AI-G1-5503",,,,,
"56-3/4""-DO-G1-5747",,,,,
"67-3""-AI-G1-5504",,,,,
"67-4""-AI-G1-5507",,,,,
"53-2""-WFR-G2-5719",,,,,
"53-2""-WFR-G2-5717",,,,,
"53-2""-WFR-G2-5720",,,,,
"56-3/4""-DO-G1-5748",,,,,
"56-1""-DO-G1-5782",,,,,
"67-3""-AI-G1-5505",,,,,
"56-3/4""-DO-G1-5749",,,,,
"67-1/2""-AI-G1-5506",,,,,
"67-3""-AI-G1-7843",,,,,
"63-3""-AP-G1-5510",,,,,
"67-3""-AI-G1-5509",,,,,
"67-1/2""-AI-G1-5513",,,,,
"67-3""-AI-G1-5515",,,,,
"67-3""-AI-G1-5514",,,,,
"56-1""-DO-G1-5781",,,,,
"67-3""-AI-G1-5508",,,,,
"67-1""-AI-G1-5752",,,,,
"67-1""-AI-G1-5751",,,,,
"91-2""-VA-G1A-5613",,,,,
"91-2""-VA-G1-5610",,,,,
"91-2""-VA-G1A-5614",,,,,
"91-2""-VA-G1-5611",,,,,
"67-3""-AI-G1-5517",,,,,
"67-1""-AI-G1-5546",,,,,
"67-1""-AI-G1-5755",,,,,
"67-1""-AI-G1-5757",,,,,
"56-2""-DO-G1-5577",,,,,
"67-3""-AI-G1-5519",,,,,
"67-3""-AI-G1-5518",,,,,
"91-2""-VA-G1A-5615",,,,,
"91-2""-VA-G1-5612",,,,,
"63-1""-AP-G1-5558",,,,,
"63-3""-AP-G1-5527",,,,,
"67-1""-AI-G1-5545",,,,,
"67-1/2""-AI-G15-7011",,,,,
"67-1/2""-AI-G1-5537",,,,,
"67-2""-AI-G1-5762",,,,,
"67-1 1/2""-AI-G1-5760",,,,,
"67-2""-AI-G1-5761",,,,,
"67-1 1/2""-AI-G1-5759",,,,,
"67-3""-AI-G1-5754",,,,,
"67-1""-AI-G1-5753",,,,,
"67-2""-AI-G1-5544",,,,,
"67-1""-AI-G1-5550",,,,,
"67-1""-AI-G1-5549",,,,,
"67-1""-AI-G1-5551",,,,,
"67-1 1/2""-AI-G1-5564",,,,,
"67-1 1/2""-AI-G1-5543",,,,,
"67-1""-AI-G1-5555",,,,,
"67-1""-AI-G1-5556",,,,,
"67-1""-AI-G1-5520",,,,,
"67-1""-AI-G1-5553",,,,,
"67-1""-AI-G1-5554",,,,,
"67-1/2""-AI-G1-5562",,,,,
"67-3/4""-AI-G1-5750",,,,,
"67-1""-AI-G1-5527",,,,,
"67-1""-AI-G1-5528",,,,,
"67-3/4""-AI-G1-5531",,,,,
"67-3/4""-AI-G1-5530",,,,,
"67-3/4""-AI-G1-5529",,,,,
"67-1""-AI-G1-5746",,,,,
"67-1""-AI-G1-5561",,,,,
"67-3/4""-AI-G1-5532",,,,,
"67-3/4""-AI-G1-5533",,,,,
"67-3/4""-AI-G1-5535",,,,,
"67-3/4""-AI-G1-5534",,,,,
"69-2""-OL-G2-1004",,,,,
"69-2""-OL-G2-1013",,,,,
"69-2""-OL-G2-1012",,,,,
"69-2""-OL-G2-1011",,,,,
"55-14""-GE-G10-5611-PP",,,,,
"55-10""-GE-G10-5620-PP",,,,,
"71-14""-WF-G1-5508",,,,,
"56-1 1/2""-DO-G1-5780",,,,,
"65-3""-OH-K1-5519",,,,,
"65-1""-OH-K1-5520",,,,,
"65-3""-OH-K2-5521",,,,,
"71-20""-WF-G1-5504",,,,,
"71-4""-WF-G1-5510-FP",,,,,
"71-1""-WF-G1-5587",,,,,
"71-24""-WF-G3-5611",,,,,
"91-1 1/2""-VA-G1-5596",,,,,
"56-2""-DO-G1-5709",,,,,
"63-2""-AP-G1-5501",,,,,
"71-24""-WF-G2-5597",,,,,
"98-3""-WS-G1-5509",,,,,
"71-10""-WF-G1-5502-FP",,,,,
"71-10""-WF-G1-5509-FP",,,,,
"71-1""-WF-G1-5588-HT",,,,,
"71-6""-WF-G1-5589-FP",,,,,
"71-3""-WF-G1-5518",,,,,
"71-6""-WF-G1-5603",,,,,
"71-4""-WF-G1-5530",,,,,
"71-5""-WF-G1-5512",,,,,
"71-4""-WF-G2-5598",,,,,
"71-4""-WF-G1-5517",,,,,
"71-4""-WF-G1-5516",,,,,
"71-1 1/2""-WF-G1-5526",,,,,
"71-1 1/2""-WF-G1-5522",,,,,
"71-1 1/2""-WF-G1-5505",,,,,
"71-3""-WF-G1-5524",,,,,
"71-1 1/2""-WF-G1-5519",,,,,
"71-1 1/2""-WF-G1-5520",,,,,
"71-1 1/2""-WF-G1-5527",,,,,
"71-1 1/2""-WF-G1-5523",,,,,
"71-1 1/2""-WF-G1-5521",,,,,
"71-3""-WF-G1-5528-FP",,,,,
"71-3""-WF-G1-5529",,,,,
"71-6""-WF-G1-5531-FP",,,,,
"71-8""-WF-G1-5565",,,,,
"71-8""-WF-G1-5615",,,,,
"71-3""-WF-H1-5612",,,,,
"71-2""-WF-H1-5613",,,,,
"71-3""-WF-H1-5614",,,,,
"91-3""-VA-G1A-5603",,,,,
"91-3""-VA-G1-5602",,,,,
"91-1""-VA-G1-5573",,,,,
"53-2""-WFR-G2-5637",,,,,
"69-1""-OL-G2-5509",,,,,
"56-2""-DO-G1-5794",,,,,
"56-2""-DO-G1-5739-PP",,,,,
"56-2""-DO-G1-5743-PP",,,,,
"56-2""-DO-G1-5741-PP",,,,,
"56-2""-DO-G1-5744-PP",,,,,
"56-2""-DO-G1-5742-PP",,,,,
"56-2""-DO-G1-5740-PP",,,,,
"55-16""-GE-G10-5589-PP",,,,,
"55-16""-GE-G10-5590-PP",,,,,
"91-3""-VA-G1A-5605",,,,,
"91-3""-VA-G1-5604",,,,,
"91-1""-VA-G1-5576",,,,,
"69-1""-OL-G2-5510",,,,,
"55-16""-GE-G10-5591-PP",,,,,
"55-16""-GE-G10-5592-PP",,,,,
"91-3""-VA-G1A-5607",,,,,
"91-3""-VA-G1-5606",,,,,
"91-1""-VA-G1-5579",,,,,
"53-2""-WFR-G2-5641",,,,,
"69-1""-OL-G2-5511",,,,,
"55-16""-GE-G10-5593-PP",,,,,
"55-16""-GE-G10-5594-PP",,,,,
"13-1/2""-GF-G6-5511",,,,,
"13-1/2""-GF-G6-5512",,,,,
"13-1/2""-GF-G6-5507",,,,,
"13-1/2""-GF-G6-5509",,,,,
"13-1/2""-GF-G6-5508",,,,,
"13-1/2""-GF-G6-5510",,,,,
"91-5""-VA-G1A-5594",,,,,
"91-5""-VA-G1A-5595",,,,,
"91-6""-VA-G1A-5520",,,,,
"91-2""-VA-G2-5624",,,,,
"91-2""-VA-G2-5622",,,,,
"91-2""-VA-G2-5623",,,,,
"91-3""-VA-G1-5529",,,,,
"91-3""-VA-G1-5528",,,,,
"91-6""-VA-G1A-5522",,,,,
"91-2""-VA-G2-5625",,,,,
"91-5""-VA-G1-5593",,,,,
"55-1/2""-WFE-I2-7322-HC",,,,,
"55-1/2""-WFE-G2-7316-HC",,,,,
"56-1""-DO-G1-7535",,,,,
"55-1/2""-CI-J1-7315",,,,,
"55-1/2""-CI-J1-7316",,,,,
"54-1""-WP-G5-5613-HC",,,,,
"54-1/2""-WP-G5-5614-HC",,,,,
"54-1/2""-WP-G5-5608",,,,,
"54-1/2""-WP-G5-5615-HC",,,,,
"54-1/2""-WP-G5-5609",,,,,
"54-2""-WP-G5-5836",,,,,
"54-1""-WP-G5-5607",,,,,
"54-1/2""-WP-G5-5813-HC",,,,,
"54-1/2""-WP-G5-5610",,,,,
"54-1/2""-WP-G5-5832",,,,,
"54-1/2""-WP-G5-5814-HC",,,,,
"54-1/2""-WP-G5-5833",,,,,
"54-1/2""-WP-G5-5616-HC",,,,,
"54-1/2""-WP-G5-5611",,,,,
"54-1/2""-WP-G5-5612",,,,,
"54-1""-WP-G5-5600-HC",,,,,
"54-1 1/2""-WP-G5-5845",,,,,
"54-3/4""-WP-G5-5852",,,,,
"54-1/2""-WP-G5-5772-HC",,,,,
"54-1/2""-WP-G5-5585",,,,,
"54-1/2""-WP-G5-5822",,,,,
"54-1/2""-WP-G5-5812-HC",,,,,
"54-1/2""-WP-G5-5831",,,,,
"54-2""-WP-G5-5835",,,,,
"54-1/2""-WP-G5-5773-HC",,,,,
"54-1/2""-WP-G5-5583",,,,,
"54-1/2""-WP-G5-5830",,,,,
"54-1/2""-WP-G5-5810-HC",,,,,
"54-1/2""-WP-G5-5589",,,,,
"54-1/2""-WP-G5-5601-HC",,,,,
"54-1/2""-WP-G5-5828",,,,,
"54-1/2""-WP-G5-5588",,,,,
"54-1/2""-WP-G5-5851-HC",,,,,
"54-1/2""-WP-G5-5774-HC",,,,,
"54-1/2""-WP-G5-5775",,,,,
"54-1/2""-WP-G5-5829",,,,,
"54-1/2""-WP-G5-5811-HC",,,,,
"54-1/2""-WP-G5-5590",,,,,
"54-1/2""-WP-G5-5776-HC",,,,,
"54-1""-WP-G5-5528-HC",,,,,
"54-1/2""-WP-G5-5531-HC",,,,,
"54-1/2""-WP-G5-5552",,,,,
"54-1/2""-WP-G5-5530-HC",,,,,
"54-1/2""-WP-G5-5551",,,,,
"54-1/2""-WP-G5-5529-HC",,,,,
"54-1/2""-WP-G5-5550",,,,,
"54-1/2""-WP-G5-5847",,,,,
"54-1/2""-WP-G5-5809-HC",,,,,
"54-1/2""-WP-G5-5549",,,,,
"54-1 1/2""-WP-G5-5843",,,,,
"54-1 1/2""-WP-G5-5507-HC",,,,,
"54-1 1/2""-WP-G5-5506-HC",,,,,
"54-2""-WP-G5-5834",,,,,
"54-1 1/2""-WP-G5-5844",,,,,
"54-1/2""-WP-G5-5553",,,,,
"54-1/2""-WP-G5-5808-HC",,,,,
"54-1/2""-WP-G5-5821",,,,,
"54-1/2""-WP-G5-5532-HC",,,,,
"54-1/2""-WP-G5-5555",,,,,
"54-1/2""-WP-G5-5544-HC",,,,,
"54-1/2""-WP-G5-5574",,,,,
"54-1/2""-WP-G5-5545-HC",,,,,
"54-1/2""-WP-G5-5575",,,,,
"54-1/2""-WP-G5-5546-HC",,,,,
"54-1/2""-WP-G5-5576",,,,,
"54-1/2""-WP-G5-5578",,,,,
"54-1/2""-WP-G5-5579",,,,,
"54-1/2""-WP-G5-5580",,,,,
"54-1/2""-WP-G5-5570",,,,,
"54-1/2""-WP-G5-5571",,,,,
"54-1/2""-WP-G5-5572",,,,,
"54-1/2""-WP-G5-5541-HC",,,,,
"54-1/2""-WP-G5-5567",,,,,
"54-1/2""-WP-G5-5542-HC",,,,,
"54-1/2""-WP-G5-5568",,,,,
"54-1/2""-WP-G5-5543-HC",,,,,
"54-1/2""-WP-G5-5569",,,,,
"54-1/2""-WP-G5-5802-HC",,,,,
"54-1/2""-WP-G5-5564",,,,,
"54-1/2""-WP-G5-5771",,,,,
"54-1/2""-WP-G5-5538-HC",,,,,
"54-1/2""-WP-G5-5562",,,,,
"54-1/2""-WP-G5-5563",,,,,
"54-1/2""-WP-G5-5539-HC",,,,,
"54-1/2""-WP-G5-5565",,,,,
"54-1/2""-WP-G5-5820",,,,,
"54-1/2""-WP-G5-5807-HC",,,,,
"54-1/2""-WP-G5-5560",,,,,
"54-1/2""-WP-G5-5816",,,,,
"54-1/2""-WP-G5-5803-HC",,,,,
"54-3/4""-WP-G5-5819",,,,,
"54-3/4""-WP-G5-5806-HC",,,,,
"54-3/4""-WP-G5-5818",,,,,
"54-3/4""-WP-G5-5805-HC",,,,,
"54-3/4""-WP-G5-5817",,,,,
"54-3/4""-WP-G5-5804-HC",,,,,
"54-1/2""-WP-G5-5815",,,,,
"54-1/2""-WP-G5-5602",,,,,
"54-1/2""-WP-G5-5596",,,,,
"54-1/2""-WP-G5-5603-HC",,,,,
"54-1/2""-WP-G5-5597",,,,,
"54-1/2""-WP-G5-5604-HC",,,,,
"54-1/2""-WP-G5-5598",,,,,
"54-1/2""-WP-G5-5599",,,,,
"54-1/2""-WP-G5-5605-HC",,,,,
"54-1/2""-WP-G5-5577-HC",,,,,
"4-1/2""-WP-G5-5573",,,,,
"54-3/4""-WP-G5-5825",,,,,
"54-1/2""-WP-G5-5848",,,,,
"54-1/2""-WP-G5-5846-HC",,,,,
"54-1/2""-WP-G5-5537-HC",,,,,
"54-1/2""-WP-G5-5595-HC",,,,,
"54-1/2""-WP-G5-5594",,,,,
"54-1/2""-WP-G5-5593",,,,,
"54-1/2""-WP-G5-5592-HC",,,,,
"54-1/2""-WP-G5-5591",,,,,
"54-1/2""-WP-G5-5778-HC",,,,,
"54-1/2""-WP-G5-5561",,,,,
"54-3/4""-WP-G5-5781",,,,,
"54-3/4""-WP-G5-5837-HC",,,,,
"54-3/4""-WP-G5-5839",,,,,
"54-1/2""-WP-G5-5800",,,,,
"54-1/2""-WP-G5-5623",,,,,
"54-1/2""-WP-G5-5643-HC",,,,,
"54-1/2""-WP-G5-5854",,,,,
"54-1 1/2""-WP-G5-5793-HC",,,,,
"54-1 1/2""-WP-G5-5789",,,,,
"54-1/2""-WP-G5-5729-HC",,,,,
"54-1/2""-WP-G5-5711",,,,,
"54-1/2""-WP-G5-5728-HC",,,,,
"54-1/2""-WP-G5-5710",,,,,
"54-1/2""-WP-G5-5727-HC",,,,,
"54-1/2""-WP-G5-5709",,,,,
"54-1/2""-WP-G5-5726-HC",,,,,
"54-1/2""-WP-G5-5708",,,,,
"54-1/2""-WP-G5-5725-HC",,,,,
"54-1/2""-WP-G5-5707",,,,,
"54-1/2""-WP-G5-5724",,,,,
"54-1/2""-WP-G5-5799-HC",,,,,
"54-1/2""-WP-G5-5730-HC",,,,,
"54-1/2""-WP-G5-5712",,,,,
"54-1 1/2""-WP-G5-5790",,,,,
"54-1/2""-WP-G5-5731-HC",,,,,
"54-1/2""-WP-G5-5713",,,,,
"54-1 1/2""-WP-G5-5792-HC",,,,,
"54-1 1/2""-WP-G5-5787",,,,,
"54-1/2""-WP-G5-5797",,,,,
"54-1/2""-WP-G5-5694-HC",,,,,
"54-1/2""-WP-G5-5671",,,,,
"54-1/2""-WP-G5-5796-HC",,,,,
"54-1/2""-WP-G5-5670",,,,,
"54-1/2""-WP-G5-5693-HC",,,,,
"54-1/2""-WP-G5-5669",,,,,
"54-1/2""-WP-G5-5692-HC",,,,,
"54-1/2""-WP-G5-5668",,,,,
"54-1/2""-WP-G5-5690-HC",,,,,
"54-1/2""-WP-G5-5666",,,,,
"54-1/2""-WP-G5-5687-HC",,,,,
"54-1/2""-WP-G5-5663",,,,,
"4-1/2""-WP-G5-5688-HC",,,,,
"54-1/2""-WP-G5-5664",,,,,
"54-1/2""-WP-G5-5691-HC",,,,,
"54-1/2""-WP-G5-5667",,,,,
"54-1/2""-WP-G5-5686-HC",,,,,
"54-1/2""-WP-G5-5662",,,,,
"54-2""-WP-G5-5783",,,,,
"54-1 1/2""-WP-G5-5788",,,,,
"54-1/2""-WP-G5-5685-HC",,,,,
"54-1/2""-WP-G5-5661",,,,,
"54-1 1/2""-WP-G5-5791-HC",,,,,
"54-1 1/2""-WP-G5-5785",,,,,
"54-1/2""-WP-G5-5794",,,,,
"54-1/2""-WP-G5-5658-HC",,,,,
"54-1/2""-WP-G5-5638",,,,,
"54-1/2""-WP-G5-5640-HC",,,,,
"54-1/2""-WP-G5-5620",,,,,
"54-1/2""-WP-G5-5766-HC",,,,,
"54-1/2""-WP-G5-5767",,,,,
"54-1/2""-WP-G5-5768-HC",,,,,
"54-1/2""-WP-G5-5769",,,,,
"54-1/2""-WP-G5-5764-HC",,,,,
"54-1/2""-WP-G5-5765",,,,,
"54-1/2""-WP-G5-5644-HC",,,,,
"54-1/2""-WP-G5-5624",,,,,
"54-1/2""-WP-G5-5853",,,,,
"54-1/2""-WP-G5-5645-HC",,,,,
"54-1/2""-WP-G5-5625",,,,,
"54-1/2""-WP-G5-5795-HC",,,,,
"54-1/2""-WP-G5-5619",,,,,
"54-1/2""-WP-G5-5642-HC",,,,,
"54-1/2""-WP-G5-5622",,,,,
"54-2""-WP-G5-5782",,,,,
"54-1 1/2""-WP-G5-5786",,,,,
"54-1/2""-WP-G5-5641-HC",,,,,
"54-1/2""-WP-G5-5621",,,,,
"54-1/2""-WP-G5-5646-HC",,,,,
"54-1/2""-WP-G5-5626",,,,,
"54-1/2""-WP-G5-5647-HC",,,,,
"54-1/2""-WP-G5-5627",,,,,
"54-1/2""-WP-G5-5648-HC",,,,,
"54-1/2""-WP-G5-5628",,,,,
"54-1/2""-WP-G5-5649-HC",,,,,
"54-1/2""-WP-G5-5629",,,,,
"54-1/2""-WP-G5-5657-HC",,,,,
"54-1/2""-WP-G5-5637",,,,,
"54-1/2""-WP-G5-5650-HC",,,,,
"54-1/2""-WP-G5-5630",,,,,
"54-1/2""-WP-G5-5656-HC",,,,,
"54-1/2""-WP-G5-5636",,,,,
"54-1/2""-WP-G5-5651-HC",,,,,
"54-1/2""-WP-G5-5631",,,,,
"54-1/2""-WP-G5-5655-HC",,,,,
"54-1/2""-WP-G5-5635",,,,,
"54-1/2""-WP-G5-5654-HC",,,,,
"54-1/2""-WP-G5-5634",,,,,
"54-1/2""-WP-G5-5653-HC",,,,,
"54-1/2""-WP-G5-5633",,,,,
"54-1/2""-WP-G5-5632",,,,,
"54-1/2""-WP-G5-5652-HC",,,,,
"54-1/2""-WP-G5-5700-HC",,,,,
"54-1/2""-WP-G5-5677",,,,,
"54-1/2""-WP-G5-5701-HC",,,,,
"54-1/2""-WP-G5-5678",,,,,
"54-1/2""-WP-G5-5702-HC",,,,,
"54-1/2""-WP-G5-5679",,,,,
"54-1/2""-WP-G5-5703-HC",,,,,
"54-1/2""-WP-G5-5680",,,,,
"54-1/2""-WP-G5-5706-HC",,,,,
"54-1/2""-WP-G5-5683",,,,,
"54-1/2""-WP-G5-5695-HC",,,,,
"54-1/2""-WP-G5-5672",,,,,
"54-1/2""-WP-G5-5704-HC",,,,,
"54-1/2""-WP-G5-5681",,,,,
"54-1/2""-WP-G5-5705-HC",,,,,
"54-1/2""-WP-G5-5682",,,,,
"54-1/2""-WP-G5-5696-HC",,,,,
"54-1/2""-WP-G5-5673",,,,,
"54-1/2""-WP-G5-5697-HC",,,,,
"54-1/2""-WP-G5-5674",,,,,
"54-1/2""-WP-G5-5698-HC",,,,,
"54-1/2""-WP-G5-5675",,,,,
"54-1/2""-WP-G5-5699-HC",,,,,
"54-1/2""-WP-G5-5676",,,,,
"54-1/2""-WP-G5-5732-HC",,,,,
"54-1/2""-WP-G5-5714",,,,,
"54-1/2""-WP-G5-5733-HC",,,,,
"54-1/2""-WP-G5-5715",,,,,
"54-1/2""-WP-G5-5734-HC",,,,,
"54-1/2""-WP-G5-5716",,,,,
"54-1/2""-WP-G5-5735-HC",,,,,
"54-1/2""-WP-G5-5717",,,,,
"54-1/2""-WP-G5-5737-HC",,,,,
"54-1/2""-WP-G5-5719",,,,,
"54-1/2""-WP-G5-5736-HC",,,,,
"54-1/2""-WP-G5-5718",,,,,
"54-1/2""-WP-G5-5738-HC",,,,,
"54-1/2""-WP-G5-5720",,,,,
"54-1/2""-WP-G5-5739-HC",,,,,
"54-1/2""-WP-G5-5721",,,,,
"54-1/2""-WP-G5-5740-HC",,,,,
"54-1/2""-WP-G5-5722",,,,,
"54-1/2""-WP-G5-5741-HC",,,,,
"54-1/2""-WP-G5-5723",,,,,
"54-1/2""-WP-G5-5798",,,,,
"54-1/2""-WP-G5-5801-HC",,,,,
"54-1/2""-WP-G5-5747",,,,,
"54-1/2""-WP-G5-5743-HC",,,,,
"54-1/2""-WP-G5-5748",,,,,
"54-1/2""-WP-G5-5749",,,,,
"54-1/2""-WP-G5-5744-HC",,,,,
"54-3/4""-WP-G5-5838-HC",,,,,
"54-3/4""-WP-G5-5840",,,,,
"56-2""-DO-G1-5713",,,,,
"56-2""-DO-G1-5661",,,,,
"56-2""-DO-G1-5662",,,,,
"56-2""-DO-G1-5665",,,,,
"56-2""-DO-G1-5666",,,,,
"56-2""-DO-G1-5663",,,,,
"56-2""-DO-G1-5664",,,,,
"56-2""-DO-G1-5805",,,,,
"56-2""-DO-G1-5667",,,,,
"56-2""-DO-G1-5668",,,,,
"56-4""-DO-G1-5676",,,,,
"56-4""-DO-G1-5675",,,,,
"56-2""-DO-G1-5768",,,,,
"56-4""-DO-G1-5674",,,,,
"56-4""-DO-G1-5673",,,,,
"56-2""-DO-G1-5677",,,,,
"56-2""-DO-G1-5678",,,,,
"56-2""-DO-G1-5682",,,,,
"56-2""-DO-G1-5804",,,,,
"56-2""-DO-G1-5681",,,,,
"56-2""-DO-G1-5806",,,,,
"56-2""-DO-G1-5679",,,,,
"56-2""-DO-G1-5680",,,,,
"56-2""-DO-G1-5717",,,,,
"56-2""-DO-G1-5807",,,,,
"56-2""-DO-G1-5686",,,,,
"56-2""-DO-G1-5685",,,,,
"56-2""-DO-G1-5693",,,,,
"56-2""-DO-G1-5692",,,,,
"56-2""-DO-G1-5691",,,,,
"56-2""-DO-G1-5683",,,,,
"56-2""-DO-G1-5810",,,,,
"56-2""-DO-G1-5689",,,,,
"56-2""-DO-G1-5715",,,,,
"56-2""-DO-G1-5809",,,,,
"56-2""-DO-G1-5769",,,,,
"56-2""-DO-G1-5808",,,,,
"56-2""-DO-G1-5688",,,,,
"56-2""-DO-G1-5687",,,,,
"56-2""-DO-G1-5716",,,,,
"56-2""-DO-G1-5811",,,,,
"56-2""-DO-G1-5696",,,,,
"56-2""-DO-G1-5695",,,,,
"56-2""-DO-G1-5813",,,,,
"56-2""-DO-G1-5694",,,,,
"56-2""-DO-G1-5722",,,,,
"56-2""-DO-G1-5812",,,,,
"56-2""-DO-G1-5697",,,,,
"56-2""-DO-G1-5770",,,,,
"56-2""-DO-G1-5698",,,,,
"56-6""-DO-G1-5736",,,,,
"56-4""-DO-G1-5797",,,,,
"56-6""-DO-G1-5734",,,,,
"56-6""-DO-G1-5735",,,,,
"56-6""-DO-G1-5797",,,,,
"56-6""-DO-G1-5733",,,,,
"56-4""-DO-G1-5725",,,,,
"56-4""-DO-G1-5723",,,,,
"56-4""-DO-G1-5724",,,,,
"91-1 1/2""-VA-G1A-5634",,,,,
"91-1 1/2""-VA-G1A-5635",,,,,
"66-1 1/2""-DS-G12-5553",,,,,
"66-1 1/2""-DS-G12-5552",,,,,
"66-2""-DS-G12-5563",,,,,
"66-4""-DS-G12-5701",,,,,
"66-2""-DS-G12-5562",,,,,
"66-2""-DS-G12-5561",,,,,
"66-4""-DS-G12-5549",,,,,
"66-4""-DS-G12-5548",,,,,
"66-4""-DS-G12-5649",,,,,
"66-2""-DS-G12-5560",,,,,
"66-2""-DS-G12-5559",,,,,
"66-4""-DS-G12-5547",,,,,
"66-4""-DS-G12-5546",,,,,
"66-2""-DS-G12-5558",,,,,
"66-2""-DS-G12-5557",,,,,
"66-4""-DS-G12-5544",,,,,
"66-2""-DS-G12-5556",,,,,
"66-2""-DS-G6-5716",,,,,
"66-2""-DS-G6-5740",,,,,
"66-2""-DS-G6-5723",,,,,
"66-2""-DS-G12-5647",,,,,
"66-2""-DS-G12-5540",,,,,
"66-2""-DS-G6-5739",,,,,
"66-4""-DS-G12-5543",,,,,
"66-1""-DS-G1-5762",,,,,
"66-4""-DS-G12-5542",,,,,
"66-3""-DS-G12-5541",,,,,
"66-2""-DS-G12-5738",,,,,
"66-2""-DS-G12-5536",,,,,
"66-3""-DS-G12-5537",,,,,
"66-6""-DS-G12-5538",,,,,
"66-3""-DS-G12-5539",,,,,
"66-4""-DS-G1-5679",,,,,
"66-2""-DS-G1-5658",,,,,
"66-6""-DS-G1-5507",,,,,
"66-1 1/4""-DS-G1-5737",,,,,
"66-2""-DS-G1-5655",,,,,
"66-2""-DS-G1-5654",,,,,
"66-2""-DS-G1-5735",,,,,
"66-2""-DS-G1-5657",,,,,
"66-2""-DS-G1-5736",,,,,
"66-2""-DS-G1-5653",,,,,
"66-2""-DS-G1-5656",,,,,
"66-1 1/4""-DS-G1-5734",,,,,
"66-2 1/2""-DS-G1-5728",,,,,
"66-2 1/2""-DS-G6-5726",,,,,
"66-2 1/2""-DS-G1-5725",,,,,
"66-3""-DS-G1-5724",,,,,
"66-2 1/2""-DS-G6-5727",,,,,
"66-3""-DS-G6-5715",,,,,
"66-1""-DS-G6-5717",,,,,
"66-1""-DS-G6-5718",,,,,
"66-1""-DS-G1-5683",,,,,
"66-2""-DS-G6-5714",,,,,
"66-1""-DS-G1-5682",,,,,
"91-1 1/2""-VA-G1A-5636",,,,,
"66-1 1/2""-DS-G12-5567",,,,,
"66-4""-DS-G12-5747",,,,,
"66-2""-DS-G12-5583",,,,,
"66-4""-DS-G12-5576",,,,,
"66-2""-DS-G12-5582",,,,,
"66-2""-DS-G12-5581",,,,,
"66-4""-DS-G12-5575",,,,,
"66-2""-DS-G6-5753",,,,,
"66-2""-DS-G6-5754",,,,,
"66-4""-DS-G6-5703",,,,,
"66-4""-DS-G12-5574",,,,,
"66-4""-DS-G12-5573",,,,,
"66-2""-DS-G12-5580",,,,,
"66-1""-DS-G1-5687",,,,,
"66-2""-DS-G1-5676",,,,,
"66-4""-DS-G1-5704",,,,,
"66-1 1/4""-DS-G1-5712",,,,,
"66-2""-DS-G1-5711",,,,,
"66-1 1/4""-DS-G6-5729",,,,,
"66-1 1/4""-DS-G1-5713",,,,,
"66-4""-DS-G12-5572",,,,,
"66-2""-DS-G12-5578",,,,,
"66-4""-DS-G6-5744",,,,,
"66-4""-DS-G6-5745",,,,,
"66-4""-DS-G6-5746",,,,,
"66-6""-DS-G1-5741",,,,,
"66-4""-DS-G1-5570",,,,,
"66-3""-DS-G12-5566",,,,,
"66-6""-DS-G12-5565",,,,,
"66-2""-DS-G1-5674",,,,,
"66-2""-DS-G1-5697",,,,,
"66-2""-DS-G1-5743",,,,,
"66-2""-DS-G1-5695",,,,,
"66-2""-DS-G1-5665",,,,,
"66-3""-DS-G6-5748",,,,,
"66-2""-DS-G6-5750",,,,,
"66-2""-DS-G6-5694",,,,,
"66-2""-DS-G6-5696",,,,,
"66-2""-DS-G6-5751",,,,,
"66-2""-DS-G6-5749",,,,,
"66-2""-DS-G1-5660",,,,,
"66-4""-DS-G1-5661",,,,,
"66-4""-DS-G1-5662",,,,,
"66-4""-DS-G1-5663",,,,,
"66-2""-DS-G1-5755",,,,,
"66-2""-DS-G1-5693",,,,,
"66-2""-DS-G1-5667",,,,,
"66-2""-DS-G1-5666",,,,,
"66-2""-DS-G1-5668",,,,,
"66-2""-DS-G1-5669",,,,,
"66-2""-DS-G1-5670",,,,,
"66-2""-DS-G1-5731",,,,,
"66-2""-DS-G1-5671",,,,,
"66-2""-DS-G1-5672",,,,,
"66-2""-DS-G1-5673",,,,,
"66-2""-DS-G1-5698",,,,,
"66-1 1/4""-DS-G1-5730",,,,,
"66-1""-DS-G1-5684",,,,,
"66-1""-DS-G1-5685",,,,,
"66-1""-DS-G1-5686",,,,,
"67-1 1/2""-AI-G1-5597",,,,,
"67-1 1/2""-AI-G1-5510",,,,,
"67-1""-AI-G1-5716",,,,,
"67-1""-AI-G1-5710",,,,,
"52‑10""‑WB‑G4‑1005‑FP",,,,,
"52‑10""‑BS‑G1B‑7014",,,,,
"52‑10""‑WB‑G4‑1010‑FP",,,,,
"55‑14""‑ST‑I1‑7058‑HC",,,,,
"55‑12""‑ST‑I1‑1058‑HC",,,,,
"55‑6""‑ST‑G8‑1104‑HC",,,,,
"55‑4""‑ST‑G8‑1103‑HC",,,,,
"55‑10""‑ST‑G8‑1064‑HC",,,,,
"55‑10""‑ST‑G8‑1066‑HC",,,,,
"55‑3""‑ST‑H2‑1061‑HC",,,,,
"55‑8""‑ST‑H2‑1062‑HC",,,,,
"55‑10""‑ST‑G8‑7301‑HC",,,,,
"55‑1""‑ST‑G8‑7796‑PP",,,,,
"55‑1""‑ST‑G8‑7797‑PP",,,,,
"55‑8""‑ST‑H2‑7136‑HC",,,,,
"55‑8""‑ST‑I1‑7303‑HC",,,,,
"55‑8""‑ST‑I1‑7304‑HC",,,,,
"55‑8""‑ST‑G8‑7302‑HC",,,,,
"55‑8""‑ST‑H2‑7336‑HC",,,,,
"55‑1 1/2""‑WFE‑I2‑7306‑HC",,,,,
"55‑1 1/2""‑WFE‑I2‑7305‑HC",,,,,
"55‑1 1/2""‑WFE‑G2‑7201‑HC",,,,,
"54‑2""‑WP‑G5‑5511",,,,,
"54‑2""‑WP‑G5‑5509",,,,,
"54‑2""‑WP‑G5‑5510",,,,,
"54‑1""‑WP‑G5‑5763‑HC",,,,,
"54‑1 1/2""‑WP‑G5‑5505‑HC",,,,,
"54‑2""‑WP‑G5‑5504A",,,,,
"54‑1 1/2""‑WP‑G5‑5508",,,,,
"54‑1""‑WP‑G5‑5754‑HC",,,,,
"54‑1 ""‑WP‑G5‑7031‑HC ",,,,,
"51‑3""‑WS‑G9‑5569",,,,,
"51‑3""‑WS‑G9‑5570",,,,,
"53‑3""‑WFR‑G1‑5731",,,,,
"53‑4""‑WFR‑G2‑5694",,,,,
"53‑3""‑WFR‑G1‑5732",,,,,
"53‑1 1/2""‑WFR‑G1‑5652",,,,,
"53‑1 1/2""‑WFR‑G1‑5649",,,,,
"54‑1 1/2""‑WP‑G5‑5519",,,,,
"53‑1 1/2""‑WFR‑G1‑5648",,,,,
"54‑1 1/2""‑WP‑G5‑5522",,,,,
"53‑1 1/2""‑WFR‑G1‑5598",,,,,
"53‑1""‑WFR‑G6‑5739",,,,,
"53‑1""‑WFR‑G6‑5738",,,,,
"54‑1 1/2""‑WP‑G5‑5780",,,,,
"54‑1 1/2""‑WP‑G5‑5520",,,,,
"53‑1 1/2""‑WFR‑G1‑5636",,,,,
"54‑1 1/2""‑WP‑G5‑5521",,,,,
"54‑1 1/2""‑WP‑G5‑5518",,,,,
"54‑1""‑WP‑G5‑5841",,,,,
"56‑1 1/2""‑DO‑G1‑5706",,,,,
"54‑1""‑WP‑G5‑5758",,,,,
"54‑1/2""‑WP‑G5‑5759",,,,,
"54‑1/2""‑WP‑G5‑5755‑HC",,,,,
"54‑1/2""‑WP‑G5‑5757‑HC",,,,,
"54‑1/2""‑WP‑G5‑5760",,,,,
"54‑1/2""‑WP‑G5‑5842",,,,,
"62‑4""‑OF‑G2‑5566",,,,,
"62‑2""‑OF‑G2‑5544",,,,,
"62‑2""‑OF‑G2‑5599",,,,,
"62‑4""‑OF‑G2‑5564",,,,,
"62‑2""‑OF‑G2‑5543",,,,,
"62‑2""‑OF‑G2‑5567",,,,,
"62‑1""‑OF‑G2‑5556",,,,,
"62‑1 1/2""‑OF‑G2‑5560",,,,,
"62‑3""‑OF‑G2‑5553",,,,,
"62‑2""‑OF‑G2‑5548",,,,,
"62‑2""‑OF‑G2‑5600",,,,,
"62‑2""‑OF‑G2‑5570 ",,,,,
"62‑1""‑OF‑G2‑5559",,,,,
"62‑1 1/2""‑OF‑G2‑5563",,,,,
"62‑2""‑OF‑G2‑5547",,,,,
"56‑1 1/2""‑DO‑G1‑5539",,,,,
"56‑1 1/2""‑DO‑G1‑5790",,,,,
"62‑2""‑OF‑G2‑5571",,,,,
"56‑1 1/2""‑DO‑G1‑5533",,,,,
"67‑1/2""‑AI‑G1‑5743",,,,,
"62‑2""‑OF‑G2‑5575",,,,,
"56‑1""‑DO‑G1‑5737",,,,,
"53‑1""‑WFR‑G1‑5702",,,,,
"62‑2""‑OF‑G2‑5576",,,,,
"62‑2""‑OF‑G2‑5577",,,,,
"62‑2""‑OF‑G2‑5574",,,,,
"56‑1""‑DO‑G1‑5738",,,,,
"65‑2""‑OH‑G2‑5540",,,,,
"91‑3""‑VA‑G1‑5586",,,,,
"65‑2""‑OH‑G2‑5562",,,,,
"65‑2""‑OH‑G2‑5563",,,,,
"65‑1""‑OH‑G2‑5541",,,,,
"56‑1 1/2""‑DO‑G1‑5699",,,,,
"65‑2""‑OH‑G2‑5543",,,,,
"65‑2""‑OH‑G2‑5542",,,,,
"65‑1""‑OH‑K1‑5560",,,,,
"65‑1""‑OH‑K1‑5561",,,,,
"65‑1 1/2""‑OH‑K1‑5544",,,,,
"65‑1 1/2""‑OH‑K1‑5545",,,,,
"65‑1 1/2""‑OH‑K1‑1001",,,,,
"65‑1 1/2""‑OH‑K1‑1000",,,,,
"69‑2""‑OL‑G2‑5501",,,,,
"69‑2""‑OL‑G2‑5502",,,,,
"69‑1""‑OL‑G2‑5503",,,,,
"69‑1""‑OL‑G2‑5505",,,,,
"69‑2""‑OL‑G2‑5512",,,,,
"69‑2""‑OL‑G2‑5513",,,,,
"69‑2""‑OL‑G2‑5507",,,,,
"69‑2""‑OL‑G2‑5508",,,,,
"69‑1""‑OL‑G2‑5504",,,,,
"69‑1""‑OL‑G2‑5506",,,,,
"56‑1 1/2""‑DO‑G1‑5579",,,,,
"53‑1 1/2""‑WFR‑G1‑5695",,,,,
"53‑1 1/2""‑WFR‑G1‑5634",,,,,
"71‑1""‑WF‑H1‑5607",,,,,
"71‑1""‑WF‑G1‑5618",,,,,
"71‑1""‑WF‑H1‑5608",,,,,
"71‑1""‑WF‑G1‑5619",,,,,
"71‑1""‑WF‑H1‑5609",,,,,
"71‑1""‑WF‑G1‑5620",,,,,
"71‑1""‑WF‑H1‑5610",,,,,
"71‑1""‑WF‑G1‑5621",,,,,
"91‑4""‑VA‑G1A‑5638",,,,,
"91‑3""‑VA‑G1A‑5639",,,,,
"55‑12""‑GE‑G10‑5616‑PP",,,,,
"56‑1""‑DO‑G1‑5587‑PP",,,,,
"55‑10""‑GE‑G10‑5501‑PP",,,,,
"91‑3""‑VA‑G1‑5609",,,,,
"91‑1""‑VA‑G1‑5546",,,,,
"62‑1""‑OF‑G2‑5622",,,,,
"91‑4""‑VA‑G1‑5545",,,,,
"62‑2""‑OF‑G2‑5630",,,,,
"62‑1""‑OF‑G2‑5594",,,,,
"62‑2""‑OF‑G2‑5631",,,,,
"62‑1 1/2""‑OF‑G2‑5593",,,,,
"56‑1 1/2""‑DO‑G1‑5610",,,,,
"56‑1""‑DO‑G1‑5585",,,,,
"56‑1""‑DO‑G1‑5586",,,,,
"71‑2""‑WF‑G1‑1802",,,,,
"91‑1 1/2""‑VA‑G1‑1791",,,,,
"71‑3""‑WF‑G1‑1781",,,,,
"71‑1 1/2""‑WF‑G1‑1801",,,,,
"71‑1 1/2""‑WF‑G1‑1800",,,,,
"44‑4""‑BS‑G1‑1783",,,,,
"44‑2 1/2""‑BS‑G1‑1782",,,,,
"44‑2""‑BS‑G1‑1790",,,,,
"71‑3""‑WF‑G1‑1793",,,,,
"71‑1 1/2""‑WF‑G1‑1797",,,,,
"71‑1 1/2""‑WF‑G1‑1798",,,,,
"71‑1 1/2""‑WF‑G1‑1795",,,,,
"71‑1 1/2""‑WF‑G1‑1796",,,,,
"71‑3""‑WF‑G1‑1794",,,,,
"71‑1 1/2""‑WF‑G1‑1799",,,,,
"71‑4""‑WF‑G1‑1792",,,,,
"44‑2""‑BS‑G1‑1788",,,,,
"44‑2""‑BS‑G1‑1789",,,,,
"71‑4""‑WF‑G1‑1784",,,,,
"71‑2""‑WF‑G1‑1786",,,,,
"71‑1 1/2""‑WF‑G1‑1785",,,,,
"91‑1 1/2""‑VA‑G1‑1787",,,,,
"56‑3/4""‑DO‑J1‑7819",,,,,
"66‑2""‑DS‑G1‑7820",,,,,
"66‑2""‑DS‑G12‑7803",,,,,
"56‑1""‑DO‑G1‑5712",,,,,
"68‑1""‑NG‑G2‑5503",,,,,
"71‑3""‑WF‑G1‑5532‑FP",,,,,
"71‑1 1/2""‑WF‑G1‑5541‑HT",,,,,
"71‑1 1/2""‑WF‑G1‑5548‑HT",,,,,
"71‑1 1/2""‑WF‑G1‑5540‑HT",,,,,
"71‑1 1/2""‑WF‑G1‑5549‑HT",,,,,
"71‑1 1/2""‑WF‑G1‑5539‑HT",,,,,
"71‑1 1/2""‑WF‑G1‑5538‑HT",,,,,
"71‑1 1/2""‑WF‑G1‑5544",,,,,
"71‑1 1/2""‑WF‑G1‑5545",,,,,
"71‑1 1/2""‑WF‑G1‑5550‑HT",,,,,
"71‑1 1/2""‑WF‑G1‑5551‑HT",,,,,
"71‑1 1/2""‑WF‑G1‑5552‑HT",,,,,
"71‑1 1/2""‑WF‑G1‑5546",,,,,
"71‑1 1/2""‑WF‑G1‑5537‑HT",,,,,
"71‑2 1/2""‑WF‑G1‑5536‑HT",,,,,
"71‑2 1/2""‑WF‑G1‑5535‑HT",,,,,
"71‑1 1/2""‑WF‑G1‑5604",,,,,
"71‑2 1/2""‑WF‑G1‑5554‑HT",,,,,
"71‑2 1/2""‑WF‑G1‑5553‑HT",,,,,
"71‑2 1/2""‑WF‑G1‑5556‑HT",,,,,
"71‑2 1/2""‑WF‑G1‑5555‑HT",,,,,
"71‑2 1/2""‑WF‑G1‑5569‑HT",,,,,
"71‑2""‑WF‑G1‑5624",,,,,
"71‑1 1/2""‑WF‑G1‑5605",,,,,
"71‑2 1/2""‑WF‑G1‑5533‑HT",,,,,
"71‑2 1/2""‑WF‑G1‑5534‑HT",,,,,
"71‑2 1/2""‑WF‑G1‑5568‑HT",,,,,
"71‑2""‑WF‑G1‑5622",,,,,
"71‑2""‑WF‑G1‑5623",,,,,
"69‑2""‑OL‑G2‑5514",,,,,
"56‑1 1/2""‑DO‑G1‑5580",,,,,
"98-2""-WS-G14-7769",,,,,
"98-2""-WS-G14-7770",,,,,
"71‑2""‑WF‑G13‑7867",,,,,
"71‑2""‑WF‑G13‑7868",,,,,
"71‑1""‑WF‑G13‑7869",,,,,
"71‑1""‑WF‑G13‑7870",,,,,
"51‑6""‑WS‑G3‑7865",,,,,
"51‑6""‑WS‑G3‑7866",,,,,
"33-1/2""-WPS-J6-7555",,,,,
"51‐4""‐WS‐G1‐7866",,,,,
"52-10""-WB-G4-1008-FP",,,,,
"53-2""-WFR-G2-7859",,,,,
"53-2""-WFR-G2-7860",,,,,
"53-20""-WFR-G2-7039",,,,,
"53-3""-WFR-G2-7761",,,,,
"53-3""-WFR-G2-7762",,,,,
"53-3/8""-WFR-J1-7804",,,,,
"53-3/8""-WFR-J1-7805",,,,,
"53-3/8""-WFR-J1-7806",,,,,
"53-3/8""-WFR-J1-7808",,,,,
"53-3/8""-WFR-J1-7809",,,,,
"55-1""-ST-J3-5126",,,,,
"56-2""-DO-G1-7861",,,,,
"65-1 1/2""-OH-K3-7042",,,,,
"65-1 1/2""-OH-K3-7051",,,,,
"65-1 1/2""-OH-K3-7068",,,,,
"65-1 1/2""-OH-K3-7078",,,,,
"65-1 1/2""-OH-K3-7093",,,,,
"65-1 1/2""-OH-K3-7095",,,,,
"65-1 1/2""-OH-K3-7098",,,,,
"65-1 1/2""-OH-K3-7805",,,,,
"65-1 1/2""-OH-K4-7043",,,,,
"65-1 1/4""-OH-K3-7045",,,,,
"65-1 1/4""-OH-K4-7097",,,,,
"65-1 1/4""-OH-K4-7862",,,,,
"65-1""-OH-K3-7089",,,,,
"65-1""-OH-K3-7099",,,,,
"65-1""-OH-K3-7863",,,,,
"65-1""-OH-K4-7067",,,,,
"65-1""-OH-K4-7094",,,,,
"65-1/2""-OH-J1-7544",,,,,
"65-1/2""-OH-J1-7548",,,,,
"65-1/2""-OH-J1-7553",,,,,
"65-1/2""-OH-J1-7554",,,,,
"65-1/2""-OH-J1-7624",,,,,
"65-1/2""-OH-J1-7625",,,,,
"65-1/2""-OH-J1-7628",,,,,
"65-1/2""-OH-J1-7629",,,,,
"65-1/2""-OH-J1-7630",,,,,
"65-1/2""-OH-J1-7631",,,,,
"65-1/2""-OH-J1-7634",,,,,
"65-1/2""-OH-J1-7635",,,,,
"65-1/2""-OH-J1-7636",,,,,
"65-1/2""-OH-J1-7637",,,,,
"65-1/2""-OH-J1-7646",,,,,
"65-1/2""-OH-J1-7647",,,,,
"65-1/2""-OH-J1-7648",,,,,
"65-1/2""-OH-J1-7649",,,,,
"65-1/2""-OH-J1-7650",,,,,
"65-1/2""-OH-J1-7651",,,,,
"65-1/2""-OH-J1-7652",,,,,
"65-1/2""-OH-J1-7653",,,,,
"65-1/2""-OH-J1-7656",,,,,
"65-1/2""-OH-J1-7657",,,,,
"65-1/2""-OH-J1-7658",,,,,
"65-1/2""-OH-J1-7659",,,,,
"65-1/2""-OH-J1-7660",,,,,
"65-1/2""-OH-J1-7661",,,,,
"65-1/2""-OH-J1-7662",,,,,
"65-1/2""-OH-J1-7663",,,,,
"65-1/2""-OH-J1-7664",,,,,
"65-1/2""-OH-J1-7665",,,,,
"65-1/2""-OH-J1-7673",,,,,
"65-1/2""-OH-J1-7674",,,,,
"65-1/2""-OH-J1-7675",,,,,
"65-1/2""-OH-J1-7676",,,,,
"65-1/2""-OH-J1-7677",,,,,
"65-1/2""-OH-J1-7678",,,,,
"65-1/2""-OH-J1-7679",,,,,
"65-1/2""-OH-K3-7090",,,,,
65-15-OH-J4-7048,,,,,
65-16-OH-J5-7046,,,,,
65-16-OH-J5-7914,,,,,
65-16-OH-J5-7915,,,,,
65-16-OH-J5-7916,,,,,
65-16-OH-J5-7917,,,,,
65-16-OH-J5-7922,,,,,
65-16-OH-J5-7923,,,,,
65-16-OH-J5-7924,,,,,
65-16-OH-J5-7925,,,,,
65-18-OH-J4-7878,,,,,
65-18-OH-J4-7881,,,,,
65-18-OH-J4-7882,,,,,
65-18-OH-J4-7887,,,,,
65-18-OH-J4-7897,,,,,
65-18-OH-J4-7898,,,,,
65-18-OH-J4-7901,,,,,
65-18-OH-J4-7902,,,,,
"65-2 1/2""-OH-K4-7864",,,,,
"65-2""-OH-K3-7044",,,,,
65-20-OH-J5-7894,,,,,
65-20-OH-J5-7912,,,,,
65-20-OH-J5-7913,,,,,
65-20-OH-J5-7918,,,,,
65-20-OH-J5-7919,,,,,
65-20-OH-J5-7920,,,,,
65-20-OH-J5-7921,,,,,
65-20-OH-J5-7926,,,,,
65-20-OH-J5-7927,,,,,
65-22-OH-J4-7893,,,,,
65-25-OH-J5-7880,,,,,
65-25-OH-J5-7895,,,,,
65-25-OH-J5-7899,,,,,
"65-3 1/2""-OH-K3-7041",,,,,
"65-3 1/2""-OH-K3-7077",,,,,
"65-3 1/2""-OH-K3-7092",,,,,
"65-3 1/2""-OH-K3-7806",,,,,
"65-3""-OH-K4-7049",,,,,
"65-3""-OH-K4-7076",,,,,
"65-3""-OH-K4-7091",,,,,
"65-3/4""-OH-J4-7096",,,,,
"65-3/4""-OH-K3-7069",,,,,
"65-3/4""-OH-K4-7088",,,,,
65-35-OH-J4-7879,,,,,
65-35-OH-J4-7896,,,,,
65-35-OH-J4-7900,,,,,
65-38-OH-J5-7884,,,,,
65-38-OH-J5-7886,,,,,
65-38-OH-J5-7889,,,,,
65-38-OH-J5-7891,,,,,
65-42-OH-J4-7883,,,,,
65-42-OH-J4-7885,,,,,
65-42-OH-J4-7888,,,,,
65-42-OH-J4-7890,,,,,
"68-1""-NG-G2-7766",,,,,
"71-2""-WF-G1-7907",,,,,
"71-2""-WF-G1-7908",,,,,
"71-2""-WF-G1-7909",,,,,
"71-2""-WF-G1-7910",,,,,
"71-2""-WF-G1-7911",,,,,
"97‐3""‐WCH‐G2‐7001‐CP",,,,,
"97‐3""‐WCH‐G2‐7002‐CP",,,,,
"65‑1""‑OH‑K4‑7004",,,,,
"65‑1 1/2""‑OH‑K3‑7005",,,,,
"65‑3/4""‑OH‑K3‑7006",,,,,
"65‑1 1/2""‑OH‑K3‑7003",,,,,
"65‑3 1/2""‑OH‑K3‑7002",,,,,
"65‑3""‑OH‑K4‑7001",,,,,
"65‑3""‑OH‑K4‑7040",,,,,
"65‑3 1/2""‑OH‑K3‑7050",,,,,
"65‑1/2""‑OH‑K3‑7114",,,,,
"65‑1""‑OH‑K3‑7113",,,,,
"65‑3/4""‑OH‑K4‑7112",,,,,
65‑18‑OH‑J4‑7892,,,,,
"65‑3""‑OH‑K4‑7807",,,,,
"65‑3/4""‑OH‑J5‑7100",,,,,
"65‑1""‑OH‑K3‑7101",,,,,
"65‑1/2""‑OH‑K3‑7102",,,,,
"65‑3/4""‑OH‑K4‑7103",,,,,
"65‑1""‑OH‑K3‑7104",,,,,
"65‑1/2""‑OH‑K3‑7105",,,,,
"65‑1 1/4""‑OH‑K4‑7106",,,,,
"65‑1 1/2""‑OH‑K3‑7107",,,,,
"65‑1""‑OH‑K3‑7108",,,,,
"65‑3/4""‑OH‑K4‑7109",,,,,
"65‑1""‑OH‑K3‑7110",,,,,
"65‑1/2""‑OH‑K3‑7111",,,,,
"65‑1/2""‑OH‑J1‑5564",,,,,
"65‑1/2""‑OH‑J1‑5565",,,,,
"65‑1/2""‑OH‑J1‑5566",,,,,
"65‑1/2""‑OH‑J1‑5567",,,,,
"65‑1/2""‑OH‑J1‑5568",,,,,
"65‑1/2""‑OH‑J1‑5569",,,,,
"65‑1/2""‑OH‑J1‑5570",,,,,
"65‑1/2""‑OH‑J1‑5571",,,,,
"65‑1/2""‑OH‑J1‑5572",,,,,
"65‑1/2""‑OH‑J1‑5573",,,,,
"65‑1/2""‑OH‑J1‑5574",,,,,
"65‑1/2""‑OH‑J1‑5575",,,,,
"65‑1/2""‑OH‑J1‑5576",,,,,
"65‑1/2""‑OH‑J1‑5577",,,,,
"65‑1/2""‑OH‑J1‑5578",,,,,
"65‑1/2""‑OH‑J1‑5579",,,,,
"65‑1/2""‑OH‑J1‑5600",,,,,
"65‑1/2""‑OH‑J1‑5601",,,,,
"65‑1/2""‑OH‑J1‑5596",,,,,
"65‑1/2""‑OH‑J1‑5597",,,,,
"65‑1/2""‑OH‑J1‑5606",,,,,
"65‑1/2""‑OH‑J1‑5607",,,,,
"65‑1/2""‑OH‑J1‑5580",,,,,
"65‑1/2""‑OH‑J1‑5581",,,,,
"65‑1/2""‑OH‑J1‑5588",,,,,
"65‑1/2""‑OH‑J1‑5589",,,,,
"65‑1/2""‑OH‑J1‑5590",,,,,
"65‑1/2""‑OH‑J1‑5591",,,,,
"65‑1/2""‑OH‑J1‑5598",,,,,
"65‑1/2""‑OH‑J1‑5599",,,,,
"65‑1/2""‑OH‑J1‑5584",,,,,
"65‑1/2""‑OH‑J1‑5585",,,,,
"65‑1/2""‑OH‑J1‑5586",,,,,
"65‑1/2""‑OH‑J1‑5587",,,,,
"65‑1/2""‑OH‑J1‑5582",,,,,
"65‑1/2""‑OH‑J1‑5583",,,,,
"65‑1/2""‑OH‑J1‑5594",,,,,
"65‑1/2""‑OH‑J1‑5595",,,,,
"65‑1/2""‑OH‑J1‑5602",,,,,
"65‑1/2""‑OH‑J1‑5603",,,,,
"65‑1/2""‑OH‑J1‑5604",,,,,
"65‑1/2""‑OH‑J1‑5605",,,,,
"65‑1/2""‑OH‑J1‑7581",,,,,
"65‑1/2""‑OH‑J1‑7582",,,,,
"65‑1/2""‑OH‑J1‑7583",,,,,
"65‑1/2""‑OH‑J1‑7584",,,,,
" 65‑1/2""‑OH‑J1‑7620",,,,,
"65‑1/2""‑OH‑J1‑7621",,,,,
"65‑1/2""‑OH‑J1‑7616",,,,,
"65‑1/2""‑OH‑J1‑7617",,,,,
" 65‑1/2""‑OH‑J1‑7543",,,,,
" 65‑1/2""‑OH‑J1‑7545",,,,,
"65‑1/2""‑OH‑J1‑7546",,,,,
"65‑1/2""‑OH‑J1‑7547",,,,,
"65‑1/2""‑OH‑J1‑7549",,,,,
"65‑1/2""‑OH‑J1‑7550",,,,,
"65‑1/2""‑OH‑J1‑7637",,,,,
" 65‑1/2""‑OH‑J1‑7551",,,,,
"65‑1/2""‑OH‑J1‑7552",,,,,
"65‑1/2""‑OH‑J1‑7672",,,,,
